CAR,MAKE,MODEL,YEAR,VERSION,CONST,BACKSIZE
Acura ADX,Acura,ADX,2025-2026,,SUV,无可用尺码
Acura CL,Acura,CL,1997-2003,,Coupe,无可用尺码
Acura ILX,Acura,ILX,2013-2022,,Sedan,无可用尺码
Acura Integra,Acura,Integra,1986-2026,Incl: Type S,Coupe/Hatchback/Sedan,无可用尺码
Acura Legend,Acura,Legend,1986-1990,,Sedan,无可用尺码
Acura Legend,Acura,Legend,1987-1995,,Coupe,无可用尺码
Acura Legend,Acura,Legend,1991-1995,,Sedan,4XL
Acura MDX,Acura,MDX,2001-2026,Incl: Type S,SUV,无可用尺码
Acura NSX,Acura,NSX,1991-2022,Incl: Type S,Coupe,无可用尺码
Acura RDX,Acura,RDX,2007-2026,,SUV,无可用尺码
Acura RL,Acura,RL,1996-2004,,Sedan,4XL
Acura RLX,Acura,RLX,2014-2020,,Sedan,4XL
Acura RSX,Acura,RSX,2002-2006,,Hatchback,无可用尺码
Acura SLX,Acura,SLX,1996-1999,,SUV,无可用尺码
Acura TL,Acura,TL,1996-2014,Incl: SH-AWD/Type-S,Sedan,无可用尺码
Acura TLX,Acura,TLX,2015-2025,Incl: Type S,Sedan,无可用尺码
Acura TSX,Acura,TSX,2004-2014,,Sedan/Wagon,无可用尺码
Acura ZDX,Acura,ZDX,2010-2025,,SUV,无可用尺码
Alfa Romeo 4C,Alfa Romeo,4C,2015-2020,,Convertible/Coupe,无可用尺码
Alfa Romeo GIULIA,Alfa Romeo,GIULIA,2017-2026,Incl: Quadrifoglio,Sedan,无可用尺码
Alfa Romeo Stelvio,Alfa Romeo,Stelvio,2018-2026,,SUV,无可用尺码
Alfa Romeo Tonale,Alfa Romeo,Tonale,2024-2026,,SUV,无可用尺码
Audi 90,Audi,90,1995,,Sedan,无可用尺码
Audi A3,Audi,A3,2006-2013,,Hatchback,无可用尺码
Audi A3 e-tron,Audi,A3 e-tron,2016-2018,,Hatchback,无可用尺码
Audi A3/S3,Audi,A3/S3,2015-2016,,Sedan,无可用尺码
Audi A3/S3/RS3,Audi,A3/S3/RS3,2017-2026,,Sedan,无可用尺码
Audi A4,Audi,A4,1996-2012,,Convertible/Sedan/Wagon,无可用尺码
Audi A4 allroad quattro,Audi,A4 allroad quattro,2013-2025,,Wagon,无可用尺码
Audi A4/S4,Audi,A4/S4,2000-2025,,Convertible/Sedan/Wagon,无可用尺码
Audi A4/S4/RS4,Audi,A4/S4/RS4,2007-2008,,Convertible/Sedan,无可用尺码
Audi A5/S5,Audi,A5/S5,2008-2026,,Convertible/Coupe/Liftback,无可用尺码
Audi A5/S5/RS5,Audi,A5/S5/RS5,2013-2025,,Convertible/Coupe/Liftback,无可用尺码
Audi A6,Audi,A6,1998-2011,,Sedan/Wagon,无可用尺码
Audi A6,Audi,A6,2026,,Sedan,4XL
Audi A6 allroad quattro,Audi,A6 allroad quattro,2001-2025,,Wagon,无可用尺码
Audi A6 e-tron/S6 e-tron,Audi,A6 e-tron/S6 e-tron,2025,,Liftback,无可用尺码
Audi A6/S6,Audi,A6/S6,1995-2018,,Sedan/Wagon,无可用尺码
Audi A6/S6,Audi,A6/S6,2019-2025,,Sedan,4XL
Audi A6/S6/RS6,Audi,A6/S6/RS6,2001-2004,,Sedan,无可用尺码
Audi A7/S7/RS7,Audi,A7/S7/RS7,2012-2025,,Liftback,4XL
Audi A8/S8,Audi,A8/S8,1997-2026,Incl: LWB,Sedan,4XL
Audi Cabriolet,Audi,Cabriolet,1995-1998,,Convertible,无可用尺码
Audi Q3,Audi,Q3,2015-2026,,SUV,无可用尺码
Audi Q4 e-tron,Audi,Q4 e-tron,2022-2026,Incl: Sportback,SUV,无可用尺码
Audi Q5,Audi,Q5,2009-2013,,SUV,无可用尺码
Audi Q5/SQ5,Audi,Q5/SQ5,2014-2026,Incl: Sportback,SUV,无可用尺码
Audi Q6/SQ6 e-tron,Audi,Q6/SQ6 e-tron,2025,Incl: Sportback,SUV,无可用尺码
Audi Q7,Audi,Q7,2007-2019,,SUV,无可用尺码
Audi Q7/SQ7,Audi,Q7/SQ7,2020-2026,,SUV,无可用尺码
Audi Q8,Audi,Q8,2019,,SUV,无可用尺码
Audi Q8 e-tron/SQ8 e-tron,Audi,Q8 e-tron/SQ8 e-tron,2024-2025,Incl: Sportback,SUV,无可用尺码
Audi Q8/SQ8/RS Q8,Audi,Q8/SQ8/RS Q8,2020-2026,,SUV,无可用尺码
Audi R8/R8 GT,Audi,R8/R8 GT,2008-2023,Incl: Spyder,Convertible/Coupe,无可用尺码
Audi RS6,Audi,RS6,2021-2026,Avant,Wagon,无可用尺码
Audi RS7,Audi,RS7,2026,,Liftback,4XL
Audi TT/TTS/TT RS,Audi,TT/TTS/TT RS,2000-2023,,Convertible/Coupe,无可用尺码
Audi e-tron GT/RS e-tron GT,Audi,e-tron GT/RS e-tron GT,2022-2024,,Sedan,4XL
Audi e-tron GT/S e-tron GT/RS e-tron GT,Audi,e-tron GT/S e-tron GT/RS e-tron GT,2025-2026,,Sedan,4XL
Audi e-tron/S e-tron,Audi,e-tron/S e-tron,2019-2023,Sportback/SUV,SUV,无可用尺码
BMW 1 Series,BMW,1 Series,2008-2013,,Convertible/Coupe,无可用尺码
BMW 2 Series,BMW,2 Series,2014-2026,Incl: Gran Coupe/M2,Convertible/Coupe/Sedan,无可用尺码
BMW 3 Series,BMW,3 Series,1977-1991,,Convertible/Coupe,无可用尺码
BMW 3 Series,BMW,3 Series,1984-2026,Incl: GT,Coupe/Hatchback/Sedan,无可用尺码
BMW 3 Series,BMW,3 Series,1994-2019,,Convertible/Wagon,无可用尺码
BMW 4 Series,BMW,4 Series,2014-2026,Incl: Gran Coupe/M4,Convertible/Coupe/Sedan,无可用尺码
BMW 5 Series,BMW,5 Series,1975-2016,,Sedan/Wagon,无可用尺码
BMW 5 Series,BMW,5 Series,2010-2026,GT/M5,Sedan,4XL
BMW 5 Series,BMW,5 Series,2017-2026,,Sedan,4XL
BMW 6 Series,BMW,6 Series,1977-2019,Incl: GT,Convertible/Coupe/Hatchback,无可用尺码
BMW 6 Series,BMW,6 Series,2013-2019,Gran Coupe,Sedan,4XL
BMW 7 Series,BMW,7 Series,1978-1994,,Sedan,无可用尺码
BMW 7 Series,BMW,7 Series,1995-2026,,Sedan,4XL
BMW 8 Series,BMW,8 Series,1991-2026,,Convertible/Coupe,无可用尺码
BMW 8 Series,BMW,8 Series,2020-2026,Gran Coupe,Sedan,4XL
BMW X1,BMW,X1,2013-2026,Incl: M35i,SUV,无可用尺码
BMW X2,BMW,X2,2018-2026,Incl: M35i,Crossover/SUV,无可用尺码
BMW X3,BMW,X3,2004-2026,,SUV,无可用尺码
BMW X4,BMW,X4,2015-2025,,SUV,无可用尺码
BMW X5,BMW,X5,2000-2026,,SUV,无可用尺码
BMW X6,BMW,X6,2008-2026,,SUV,无可用尺码
BMW X7,BMW,X7,2019-2026,Incl: M60i,SUV,无可用尺码
BMW XM,BMW,XM,2023-2026,,SUV,无可用尺码
BMW Z3,BMW,Z3,1996-2002,,Convertible/Coupe,无可用尺码
BMW Z4,BMW,Z4,2003-2026,,Convertible,无可用尺码
BMW i3,BMW,i3,2014-2021,,Hatchback,无可用尺码
BMW i4,BMW,i4,2022-2026,,Fastback,无可用尺码
BMW i5,BMW,i5,2024-2026,,Sedan,4XL
BMW i7,BMW,i7,2023-2026,,Sedan,4XL
BMW i8,BMW,i8,2014-2020,,Convertible/Coupe,无可用尺码
BMW iX,BMW,iX,2022-2026,,SUV,无可用尺码
Buick Cascada,Buick,Cascada,2016-2019,,Convertible,无可用尺码
Buick Century,Buick,Century,1954-2005,,Sedan/Wagon,无可用尺码
Buick Century,Buick,Century,1957,,Convertible,4XL
Buick Enclave,Buick,Enclave,2008-2026,,SUV,无可用尺码
Buick Encore,Buick,Encore,2013-2022,,SUV,无可用尺码
Buick Encore GX,Buick,Encore GX,2020-2026,,SUV,无可用尺码
Buick Envision,Buick,Envision,2016-2026,,SUV,无可用尺码
Buick Envista,Buick,Envista,2024-2026,,SUV,无可用尺码
Buick LaCrosse,Buick,LaCrosse,2005-2019,,Sedan,4XL
Buick LeSabre,Buick,LeSabre,1959-1973,Incl: 2dr/4dr/4dr Hardtop,Convertible/Coupe/Sedan,4XL
Buick LeSabre,Buick,LeSabre,1959-1985,,Wagon,无可用尺码
Buick LeSabre,Buick,LeSabre,1974-1976,,Convertible/Coupe/Sedan,无可用尺码
Buick LeSabre,Buick,LeSabre,1977-1985,,Coupe/Sedan,4XL
Buick LeSabre,Buick,LeSabre,1986-2005,,Coupe/Sedan,无可用尺码
Buick Lucerne,Buick,Lucerne,2006-2011,,Sedan,4XL
Buick Park Avenue,Buick,Park Avenue,1991-2005,,Sedan,4XL
Buick Rainier,Buick,Rainier,2004-2007,,SUV,无可用尺码
Buick Reatta,Buick,Reatta,1988-1991,,Convertible/Coupe,无可用尺码
Buick Regal,Buick,Regal,1973-1977,,Coupe,4XL
Buick Regal,Buick,Regal,1978-2020,,Coupe/Liftback/Sedan/Wagon,无可用尺码
Buick Rendezvous,Buick,Rendezvous,2002-2007,,Crossover,无可用尺码
Buick Riviera,Buick,Riviera,1963-1973,,Coupe,4XL
Buick Riviera,Buick,Riviera,1974,,Coupe,无可用尺码
Buick Riviera,Buick,Riviera,1975-1985,,Coupe,4XL
Buick Riviera,Buick,Riviera,1986-1993,,Coupe,无可用尺码
Buick Riviera,Buick,Riviera,1996-1999,,Coupe,4XL
Buick Roadmaster,Buick,Roadmaster,1936-1996,,Convertible/Coupe/Sedan,4XL
Buick Roadmaster,Buick,Roadmaster,1991-1996,,Wagon,无可用尺码
Buick Skylark,Buick,Skylark,1953-1972,,Convertible/Coupe/Sedan,4XL
Buick Skylark,Buick,Skylark,1969-1979,,Hatchback,无可用尺码
Buick Skylark,Buick,Skylark,1975-1997,,Coupe,无可用尺码
Buick Skylark,Buick,Skylark,1975-1993,,Sedan,无可用尺码
Buick Skylark,Buick,Skylark,1994,,Sedan,4XL
Buick Skylark,Buick,Skylark,1995-1998,,Sedan,无可用尺码
Buick Verano,Buick,Verano,2012-2017,,Sedan,无可用尺码
Cadillac ATS,Cadillac,ATS,2013-2019,,Coupe/Sedan,无可用尺码
Cadillac CT4,Cadillac,CT4,2020-2026,,Sedan,无可用尺码
Cadillac CT5,Cadillac,CT5,2020-2026,,Sedan,无可用尺码
Cadillac CT5,Cadillac,CT5,2025-2026,Blackwing,Sedan,4XL
Cadillac CT6,Cadillac,CT6,2016-2020,Incl: Blackwing/PHEV,Sedan,4XL
Cadillac CTS,Cadillac,CTS,2003-2013,Incl: CTS-V,Sedan,无可用尺码
Cadillac CTS,Cadillac,CTS,2010-2015,,Coupe/Wagon,无可用尺码
Cadillac CTS,Cadillac,CTS,2014-2019,,Sedan,4XL
Cadillac Catera,Cadillac,Catera,1997-2001,,Sedan,无可用尺码
Cadillac DTS,Cadillac,DTS,2006-2011,,Sedan,4XL
Cadillac DTS-L,Cadillac,DTS-L,2007-2011,,Sedan,4XL
Cadillac DeVille,Cadillac,DeVille,1949-1957,,Coupe/Sedan,4XL
Cadillac DeVille,Cadillac,DeVille,1958-1960,,Coupe/Sedan,无可用尺码
Cadillac DeVille,Cadillac,DeVille,1961-1967,,Convertible/Coupe/Sedan,4XL
Cadillac DeVille,Cadillac,DeVille,1968-1976,,Coupe/Sedan,无可用尺码
Cadillac DeVille,Cadillac,DeVille,1977-1984,,Coupe/Sedan,4XL
Cadillac DeVille,Cadillac,DeVille,1985-1988,,Coupe/Sedan,无可用尺码
Cadillac DeVille,Cadillac,DeVille,1989-2005,,Coupe/Sedan,4XL
Cadillac ELR,Cadillac,ELR,2014-2016,,Coupe,无可用尺码
Cadillac Eldorado,Cadillac,Eldorado,1953-1958,,Convertible/Coupe,4XL
Cadillac Eldorado,Cadillac,Eldorado,1959-1960,,Coupe,无可用尺码
Cadillac Eldorado,Cadillac,Eldorado,1961-1985,,Convertible/Coupe,4XL
Cadillac Eldorado,Cadillac,Eldorado,1986-2002,,Coupe,无可用尺码
Cadillac Escalade,Cadillac,Escalade,1999-2026,Incl: ESV,SUV,无可用尺码
Cadillac Lyriq,Cadillac,Lyriq,2023-2026,Incl: Lyriq-V,SUV,无可用尺码
Cadillac Optiq,Cadillac,Optiq,2025-2026,,SUV,无可用尺码
Cadillac SRX,Cadillac,SRX,2004-2016,,SUV/Wagon,无可用尺码
Cadillac STS,Cadillac,STS,2005-2011,Incl: STS-V,Sedan,4XL
Cadillac Seville,Cadillac,Seville,1976-1985,,Sedan,4XL
Cadillac Seville,Cadillac,Seville,1986-1991,Incl: STS,Sedan,无可用尺码
Cadillac Seville,Cadillac,Seville,1992-1997,Incl: SLS/STS,Sedan,4XL
Cadillac Seville,Cadillac,Seville,1998-2004,STS/SLS,Sedan,无可用尺码
Cadillac Vistiq,Cadillac,Vistiq,2026,,SUV,无可用尺码
Cadillac XLR,Cadillac,XLR,2004-2009,Incl: XLR-V,Convertible,无可用尺码
Cadillac XT4,Cadillac,XT4,2019-2025,,SUV,无可用尺码
Cadillac XT5,Cadillac,XT5,2017-2026,,SUV,无可用尺码
Cadillac XT6,Cadillac,XT6,2020-2025,,SUV,无可用尺码
Cadillac XTS,Cadillac,XTS,2015-2019,,Sedan,4XL
Chevrolet Astro,Chevrolet,Astro,1985-2005,Incl: LWB,Wagon,无可用尺码
Chevrolet Aveo,Chevrolet,Aveo,2004-2011,,Hatchback/Sedan,无可用尺码
Chevrolet Bel Air,Chevrolet,Bel Air,1953-1957,,Convertible/Coupe/Sedan,无可用尺码
Chevrolet Bel Air,Chevrolet,Bel Air,1954-1969,Incl: Kingswood/Parkwood,Wagon,无可用尺码
Chevrolet Bel Air,Chevrolet,Bel Air,1958-1975,Incl: 2dr/4dr/Hardtop,Convertible/Coupe/Sedan,4XL
Chevrolet Beretta,Chevrolet,Beretta,1987-1996,Incl: GT/GTZ,Coupe,无可用尺码
Chevrolet Blazer,Chevrolet,Blazer,1969-2026,Incl: 2dr/2dr Base 4WD/4dr/4dr LS 4WD,SUV,无可用尺码
Chevrolet Blazer EV,Chevrolet,Blazer EV,2024-2026,Incl: SS,Crossover,无可用尺码
Chevrolet Bolt,Chevrolet,Bolt,2017-2027,,Hatchback,无可用尺码
Chevrolet Bolt EUV,Chevrolet,Bolt EUV,2022-2023,,SUV,无可用尺码
Chevrolet Camaro,Chevrolet,Camaro,1967-2024,Incl: IROC-Z/Z28/ZL1,Convertible/Coupe,无可用尺码
Chevrolet Caprice,Chevrolet,Caprice,1966-1976,,Convertible/Coupe/Sedan,4XL
Chevrolet Caprice,Chevrolet,Caprice,1966-1970,,Wagon,无可用尺码
Chevrolet Captiva,Chevrolet,Captiva,2012-2015,,SUV,无可用尺码
Chevrolet Cavalier,Chevrolet,Cavalier,1982-2005,,Convertible/Coupe/Hatchback/Sedan/Wagon,无可用尺码
Chevrolet Chevelle,Chevrolet,Chevelle,1964-1977,,Convertible/Wagon,无可用尺码
Chevrolet Chevelle,Chevrolet,Chevelle,1964-1972,,Coupe/Sedan,无可用尺码
Chevrolet Chevelle,Chevrolet,Chevelle,1973-1977,Incl: Laguna Type S-3,Coupe/Sedan,4XL
Chevrolet Chevy Van,Chevrolet,Chevy Van,1964-1996,Extended/G10 Regular/G10 Short/G20 Regular/G20 Short/G30 Extended/G30 Regular/G30 Short/G-Classic Extended/G-Classic Regular/Regular/Short,Wagon,无可用尺码
Chevrolet City Express,Chevrolet,City Express,2015-2018,,Van,无可用尺码
Chevrolet Cobalt,Chevrolet,Cobalt,2005-2010,Incl: SS,Coupe/Sedan,无可用尺码
Chevrolet Corsica,Chevrolet,Corsica,1987-1996,,Sedan,无可用尺码
Chevrolet Corvette,Chevrolet,Corvette,1953-2026,Incl: Z06/ZR1/ZR-1,Convertible/Coupe,无可用尺码
Chevrolet Cruze,Chevrolet,Cruze,2011-2019,,Hatchback/Sedan,无可用尺码
Chevrolet Equinox,Chevrolet,Equinox,2005-2026,,SUV,无可用尺码
Chevrolet Equinox EV,Chevrolet,Equinox EV,2024-2026,,SUV,无可用尺码
Chevrolet Express,Chevrolet,Express,2013-2023,Incl: Extended,Van,无可用尺码
Chevrolet HHR,Chevrolet,HHR,2006-2011,Incl: Panel/Panel SS/SS,Wagon,无可用尺码
Chevrolet Impala,Chevrolet,Impala,1962-1968,,Wagon,无可用尺码
Chevrolet Impala,Chevrolet,Impala,1973-2020,Incl: SS,Convertible/Coupe/Sedan,4XL
Chevrolet K5 Blazer,Chevrolet,K5 Blazer,1969-1994,,SUV,无可用尺码
Chevrolet Lumina,Chevrolet,Lumina,1990-2001,,Sedan,4XL
Chevrolet Lumina,Chevrolet,Lumina,1990-1994,,Coupe,无可用尺码
Chevrolet Lumina APV,Chevrolet,Lumina APV,1990-1996,,Wagon,无可用尺码
Chevrolet Malibu,Chevrolet,Malibu,1964-1974,,Convertible/Coupe/Sedan,无可用尺码
Chevrolet Malibu,Chevrolet,Malibu,1964-1983,,Wagon,无可用尺码
Chevrolet Malibu,Chevrolet,Malibu,1975-1977,,Coupe/Sedan,4XL
Chevrolet Malibu,Chevrolet,Malibu,1978-2025,,Coupe/Sedan,无可用尺码
Chevrolet Metro,Chevrolet,Metro,1998-2001,,Hatchback/Sedan,无可用尺码
Chevrolet Monte Carlo,Chevrolet,Monte Carlo,1970-1977,,Coupe,4XL
Chevrolet Monte Carlo,Chevrolet,Monte Carlo,1978-2007,Incl: SS,Coupe,无可用尺码
Chevrolet Nova,Chevrolet,Nova,1962-1988,,Coupe/Hatchback/Sedan/Wagon,无可用尺码
Chevrolet Prizm,Chevrolet,Prizm,1998-2002,,Sedan,无可用尺码
Chevrolet S-10 Blazer,Chevrolet,S-10 Blazer,1983-2005,Incl: 2dr/2dr 2WD/2dr 4WD/4dr/4dr 2WD,SUV,无可用尺码
Chevrolet SS,Chevrolet,SS,2014-2017,,Sedan,4XL
Chevrolet Sonic,Chevrolet,Sonic,2012-2020,,Hatchback/Sedan,无可用尺码
Chevrolet Spark,Chevrolet,Spark,2013-2022,,Hatchback,无可用尺码
Chevrolet Suburban,Chevrolet,Suburban,1935-2026,,SUV,无可用尺码
Chevrolet Tahoe,Chevrolet,Tahoe,1995-2026,Incl: 2dr 4WD/4dr 2WD,SUV,无可用尺码
Chevrolet Tracker,Chevrolet,Tracker,1998-2004,2dr/4dr,SUV,无可用尺码
Chevrolet Trailblazer,Chevrolet,Trailblazer,2002-2026,Incl: SS,SUV,无可用尺码
Chevrolet Traverse,Chevrolet,Traverse,2009-2026,Incl: Limited,SUV,无可用尺码
Chevrolet Trax,Chevrolet,Trax,2015-2026,,SUV,无可用尺码
Chevrolet Uplander,Chevrolet,Uplander,2005-2008,Incl: LWB,Wagon,无可用尺码
Chevrolet Venture,Chevrolet,Venture,1997-2005,Incl: LWB,Wagon,无可用尺码
Chevrolet Volt,Chevrolet,Volt,2011-2019,,Hatchback,无可用尺码
Chrysler 200,Chrysler,200,2011-2017,,Convertible/Sedan,无可用尺码
Chrysler 200 Series,Chrysler,200 Series,2011-2017,,Convertible/Sedan,无可用尺码
Chrysler 300,Chrysler,300,2005-2023,,Sedan,4XL
Chrysler 300 series,Chrysler,300 series,1999-2023,Incl: 300M,Sedan,4XL
Chrysler 300M,Chrysler,300M,1999-2004,,Sedan,4XL
Chrysler Aspen,Chrysler,Aspen,2007-2009,,SUV,无可用尺码
Chrysler Cirrus,Chrysler,Cirrus,1995-2000,,Sedan,无可用尺码
Chrysler Concorde,Chrysler,Concorde,1993-2004,,Sedan,4XL
Chrysler Crossfire,Chrysler,Crossfire,2004-2008,,Convertible/Coupe,无可用尺码
Chrysler LHS,Chrysler,LHS,1994-2001,,Sedan,4XL
Chrysler PT Cruiser,Chrysler,PT Cruiser,2001-2010,,Wagon,无可用尺码
Chrysler Pacifica,Chrysler,Pacifica,2004-2026,,Crossover/MPV,无可用尺码
Chrysler Sebring,Chrysler,Sebring,1995-2010,,Convertible/Coupe/Sedan,无可用尺码
Chrysler Town & Country,Chrysler,Town & Country,1990-2016,,MPV,无可用尺码
Chrysler Voyager,Chrysler,Voyager,2000-2026,,MPV,无可用尺码
Dodge Avenger,Dodge,Avenger,1995-2014,,Coupe/Sedan,无可用尺码
Dodge Caliber,Dodge,Caliber,2007-2012,,Hatchback,无可用尺码
Dodge Caravan,Dodge,Caravan,1984-2020,Grand Caravan/LWB/SWB,MPV,无可用尺码
Dodge Challenger,Dodge,Challenger,1970-2023,Incl: Widebody,Coupe,无可用尺码
Dodge Charger,Dodge,Charger,1966-2026,,Coupe/Sedan,4XL
Dodge Charger,Dodge,Charger,1982-1987,,Hatchback,无可用尺码
Dodge Dart,Dodge,Dart,2013-2016,,Sedan,无可用尺码
Dodge Daytona,Dodge,Daytona,1984-1993,,Hatchback,无可用尺码
Dodge Durango,Dodge,Durango,1998-2026,Incl: Hellcat/SRT,SUV,无可用尺码
Dodge Hornet,Dodge,Hornet,2023-2025,,Crossover,无可用尺码
Dodge Intrepid,Dodge,Intrepid,1993-2004,,Sedan,4XL
Dodge Journey,Dodge,Journey,2009-2020,,Crossover/SUV,无可用尺码
Dodge Magnum,Dodge,Magnum,2005-2008,,Wagon,无可用尺码
Dodge Neon,Dodge,Neon,1995-2005,,Sedan,无可用尺码
Dodge Nitro,Dodge,Nitro,2007-2010,,SUV,无可用尺码
Dodge Ramcharger,Dodge,Ramcharger,1974-1993,2WD/4WD,SUV,无可用尺码
Dodge Stealth,Dodge,Stealth,1991-1996,R/T Turbo,Coupe,无可用尺码
Dodge Stratus,Dodge,Stratus,1995-2006,,Sedan,无可用尺码
Dodge Viper,Dodge,Viper,1992-2017,Incl: ACR/GTS,Convertible/Coupe/Roadster,无可用尺码
FIAT 500L,FIAT,500L,2014-2020,,Wagon,无可用尺码
Fiat 124 Spider,Fiat,124 Spider,2017-2020,Abarth,Convertible,无可用尺码
Fiat 500,Fiat,500,2012-2019,Incl: Abarth,Convertible/Hatchback,无可用尺码
Fiat 500X,Fiat,500X,2016-2023,,SUV,无可用尺码
Ford Bronco,Ford,Bronco,1966-2026,2dr/4dr/4dr Raptor,SUV,无可用尺码
Ford Bronco Sport,Ford,Bronco Sport,2021-2026,4dr/4dr Badlands,SUV,无可用尺码
Ford C-MAX,Ford,C-MAX,2013-2018,Incl: PHEV,Hatchback,无可用尺码
Ford Crown Victoria,Ford,Crown Victoria,1983-2011,,Sedan,4XL
Ford EcoSport,Ford,EcoSport,2018-2022,,SUV,无可用尺码
Ford Edge,Ford,Edge,2007-2024,,SUV,无可用尺码
Ford Escape,Ford,Escape,2001-2026,,SUV,无可用尺码
Ford Escort,Ford,Escort,1981-2003,Incl: ZX2,Coupe/Hatchback/Sedan/Wagon,无可用尺码
Ford Excursion,Ford,Excursion,2000-2005,,SUV,无可用尺码
Ford Expedition,Ford,Expedition,1997-2026,Incl: EL/MAX/Tremor,SUV,无可用尺码
Ford Explorer,Ford,Explorer,1991-2025,Incl: Timberline,SUV,无可用尺码
Ford Fiesta,Ford,Fiesta,2011-2019,Incl: ST,Hatchback/Sedan,无可用尺码
Ford Five Hundred,Ford,Five Hundred,2005-2007,,Sedan,4XL
Ford Flex,Ford,Flex,2009-2019,,Crossover,无可用尺码
Ford Focus,Ford,Focus,2000-2018,Incl: RS/ZX3/ZX5,Coupe/Hatchback/Sedan/Wagon,无可用尺码
Ford Freestyle,Ford,Freestyle,2005-2007,,Crossover,无可用尺码
Ford Fusion,Ford,Fusion,2006-2020,,Sedan,无可用尺码
Ford GT,Ford,GT,2005-2022,,Coupe,无可用尺码
Ford Mustang,Ford,Mustang,1965-1986,Incl: Hardtop/SportsRoof/SVO,Convertible/Coupe/Fastback,无可用尺码
Ford Mustang,Ford,Mustang,1974-2026,,Convertible/Hatchback,无可用尺码
Ford Mustang,Ford,Mustang,1987-2026,Incl: Dark Horse/Mach 1/Notchback/SVT Cobra,Coupe,无可用尺码
Ford Mustang Mach-E,Ford,Mustang Mach-E,2021-2026,Incl: Rally,Crossover/SUV,无可用尺码
Ford Taurus,Ford,Taurus,1986-1995,,Sedan,无可用尺码
Ford Taurus,Ford,Taurus,1986-2005,,Wagon,无可用尺码
Ford Taurus,Ford,Taurus,1996-2019,Incl: SHO,Sedan,4XL
Ford Thunderbird,Ford,Thunderbird,1955-1957,,Convertible,无可用尺码
Ford Thunderbird,Ford,Thunderbird,1958-1979,Incl: 2dr Hardtop/4dr Landau/Landau,Convertible/Coupe/Sedan,4XL
Ford Thunderbird,Ford,Thunderbird,1980-2005,,Coupe,无可用尺码
GMC Acadia,GMC,Acadia,2007-2026,Incl: Limited,SUV,无可用尺码
GMC Envoy,GMC,Envoy,2002-2009,,SUV,无可用尺码
GMC Hummer SUV,GMC,Hummer SUV,2024-2026,,SUV,无可用尺码
GMC Jimmy,GMC,Jimmy,1983-2001,Incl: 2dr/4dr,SUV,无可用尺码
GMC Terrain,GMC,Terrain,2010-2026,,SUV,无可用尺码
GMC Yukon,GMC,Yukon,1992-2026,Incl: 2dr/4dr,SUV,无可用尺码
GMC Yukon XL,GMC,Yukon XL,2000-2026,,SUV,无可用尺码
Genesis EQ900,Genesis,EQ900,2017-2026,G90,Sedan,4XL
Genesis G70,Genesis,G70,2019-2026,,Sedan,无可用尺码
Genesis G80,Genesis,G80,2017-2026,Incl: Sport,Sedan,4XL
Genesis G90,Genesis,G90,2017-2026,,Sedan,4XL
Genesis GV60,Genesis,GV60,2023-2026,,SUV,无可用尺码
Genesis GV70,Genesis,GV70,2022-2026,,SUV,无可用尺码
Genesis GV80,Genesis,GV80,2021-2026,,SUV,无可用尺码
Honda Accord,Honda,Accord,1976-2007,,Hatchback/Sedan/Wagon,无可用尺码
Honda Accord,Honda,Accord,1988-2017,,Coupe,无可用尺码
Honda Accord,Honda,Accord,2008-2012,,Sedan,4XL
Honda Accord,Honda,Accord,2013-2022,,Sedan,无可用尺码
Honda Accord,Honda,Accord,2023-2026,,Sedan,4XL
Honda CR-V,Honda,CR-V,1997-2026,,SUV,无可用尺码
Honda CR-Z,Honda,CR-Z,2011-2016,,Hatchback,无可用尺码
Honda Civic,Honda,Civic,1973-2026,Incl: CRX/Type R,Coupe/Hatchback/Sedan/Wagon,无可用尺码
Honda Clarity,Honda,Clarity,2017-2021,,Sedan,无可用尺码
Honda Clarity Plug In,Honda,Clarity Plug In,2018-2021,,Sedan,无可用尺码
Honda Crosstour,Honda,Crosstour,2010-2015,,Hatchback,无可用尺码
Honda Element,Honda,Element,2003-2009,,Crossover,无可用尺码
Honda Fit,Honda,Fit,2007-2020,,Hatchback,无可用尺码
Honda HR-V,Honda,HR-V,2016-2026,,SUV,无可用尺码
Honda Insight,Honda,Insight,2000-2022,,Hatchback/Sedan,无可用尺码
Honda Odyssey,Honda,Odyssey,1995-2026,,MPV,无可用尺码
Honda Passport,Honda,Passport,1994-2026,,SUV,无可用尺码
Honda Pilot,Honda,Pilot,2003-2026,Incl: TrailSport,SUV,无可用尺码
Honda Prelude,Honda,Prelude,1979-2026,,Coupe,无可用尺码
Honda Prologue,Honda,Prologue,2024-2026,,SUV,无可用尺码
Honda S2000,Honda,S2000,2000-2009,,Convertible,无可用尺码
Hyundai Accent,Hyundai,Accent,1995-2022,,Hatchback/Sedan,无可用尺码
Hyundai Azera,Hyundai,Azera,2006-2017,,Sedan,无可用尺码
Hyundai Elantra,Hyundai,Elantra,1992-2026,,Hatchback/Sedan/Wagon,无可用尺码
Hyundai Elantra GT,Hyundai,Elantra GT,2013-2020,,Hatchback,无可用尺码
Hyundai Elantra Tour,Hyundai,Elantra Tour,2009-2012,,Wagon,无可用尺码
Hyundai Equus,Hyundai,Equus,2011-2016,,Sedan,4XL
Hyundai Genesis,Hyundai,Genesis,2009-2016,Incl: 5.0 R-Spec,Sedan,4XL
Hyundai IONIQ 5,Hyundai,IONIQ 5,2022-2026,Incl: N,SUV,无可用尺码
Hyundai IONIQ 6,Hyundai,IONIQ 6,2023-2026,Incl: N,Sedan,无可用尺码
Hyundai Ioniq,Hyundai,Ioniq,2017-2022,,Hatchback,无可用尺码
Hyundai Ioniq 9,Hyundai,Ioniq 9,2026,,SUV,无可用尺码
Hyundai Kona,Hyundai,Kona,2019-2026,,Crossover,无可用尺码
Hyundai Nexo,Hyundai,Nexo,2019-2024,,SUV,无可用尺码
Hyundai Palisade,Hyundai,Palisade,2020-2026,,SUV,无可用尺码
Hyundai Santa Fe,Hyundai,Santa Fe,2001-2026,Incl: Sport/XL,SUV,无可用尺码
Hyundai Sonata,Hyundai,Sonata,1989-2026,,Sedan,无可用尺码
Hyundai Tiburon,Hyundai,Tiburon,1997-2008,,Coupe,无可用尺码
Hyundai Tucson,Hyundai,Tucson,2005-2026,,SUV,无可用尺码
Hyundai Veloster,Hyundai,Veloster,2012-2022,Incl: N/Turbo,Hatchback,无可用尺码
Hyundai Venue,Hyundai,Venue,2020-2026,,SUV,无可用尺码
Hyundai Veracruz,Hyundai,Veracruz,2007-2012,,SUV,无可用尺码
Hyundai XG,Hyundai,XG,2001-2005,,Sedan,无可用尺码
Ineos Automotive Grenadier,Ineos Automotive,Grenadier,2024-2026,,SUV,无可用尺码
Infiniti EX,Infiniti,EX,2008-2013,EX35/EX37,SUV,无可用尺码
Infiniti FX,Infiniti,FX,2003-2013,,Crossover,无可用尺码
Infiniti G,Infiniti,G,1991-2013,,Convertible/Coupe/Sedan,无可用尺码
Infiniti I,Infiniti,I,1996-2004,,Sedan,无可用尺码
Infiniti JX,Infiniti,JX,2013,,Crossover,无可用尺码
Infiniti M,Infiniti,M,1990-1992,,Convertible/Coupe,无可用尺码
Infiniti M,Infiniti,M,2003-2004,,Sedan,4XL
Infiniti M,Infiniti,M,2006-2013,,Sedan,无可用尺码
Infiniti Q40,Infiniti,Q40,2015,,Sedan,无可用尺码
Infiniti Q45,Infiniti,Q45,1990-2006,,Sedan,4XL
Infiniti Q50,Infiniti,Q50,2014-2024,Incl: Red Sport,Sedan,无可用尺码
Infiniti Q60,Infiniti,Q60,2014-2022,Incl: Red Sport,Convertible/Coupe,无可用尺码
Infiniti Q70,Infiniti,Q70,2014,,Sedan,无可用尺码
Infiniti Q70,Infiniti,Q70,2015-2019,,Sedan,4XL
Infiniti Q70L,Infiniti,Q70L,2015-2019,,Sedan,4XL
Infiniti QX30,Infiniti,QX30,2017-2019,,SUV,无可用尺码
Infiniti QX4,Infiniti,QX4,1997-2003,,SUV,无可用尺码
Infiniti QX50,Infiniti,QX50,2014-2025,,SUV,无可用尺码
Infiniti QX55,Infiniti,QX55,2022-2025,,SUV,无可用尺码
Infiniti QX56,Infiniti,QX56,2004-2013,,SUV,无可用尺码
Infiniti QX60,Infiniti,QX60,2014-2026,,SUV,无可用尺码
Infiniti QX70,Infiniti,QX70,2014-2017,,Crossover,无可用尺码
Infiniti QX80,Infiniti,QX80,2014-2026,,SUV,无可用尺码
Jaguar E-Pace,Jaguar,E-Pace,2018-2024,,SUV,无可用尺码
Jaguar F-Pace,Jaguar,F-Pace,2017-2023,,SUV,无可用尺码
Jaguar F-Type,Jaguar,F-Type,2014-2024,Incl: P450/P575/R/R75/SVR/V6/V8 S,Convertible/Coupe,无可用尺码
Jaguar I-Pace,Jaguar,I-Pace,2019-2024,,SUV,无可用尺码
Jaguar S-Type,Jaguar,S-Type,2000-2008,,Sedan,无可用尺码
Jaguar X-Type,Jaguar,X-Type,2002-2008,,Sedan/Wagon,无可用尺码
Jaguar XE,Jaguar,XE,2017-2020,,Sedan,无可用尺码
Jaguar XF,Jaguar,XF,2009-2024,,Sedan,4XL
Jaguar XF,Jaguar,XF,2018-2020,Sportbrake,Wagon,无可用尺码
Jaguar XJ,Jaguar,XJ,1979-1992,,Sedan,4XL
Jaguar XJ,Jaguar,XJ,1988-1994,,Sedan,无可用尺码
Jaguar XJ,Jaguar,XJ,1995-2019,LWB/SWB,Sedan,4XL
Jaguar XJS,Jaguar,XJS,1976-1996,,Convertible/Coupe,无可用尺码
Jaguar XK,Jaguar,XK,1997-2015,Incl: XKR/XKR-S,Convertible/Coupe,无可用尺码
Jeep Cherokee,Jeep,Cherokee,1974-2026,,SUV,无可用尺码
Jeep Commander,Jeep,Commander,2006-2010,,SUV,无可用尺码
Jeep Compass,Jeep,Compass,2007-2026,,SUV,无可用尺码
Jeep Grand Cherokee,Jeep,Grand Cherokee,1993-2026,Incl: L/SRT,SUV,无可用尺码
Jeep Grand Wagoneer,Jeep,Grand Wagoneer,1984-2026,Incl: L,SUV,无可用尺码
Jeep Liberty,Jeep,Liberty,2002-2012,,SUV,无可用尺码
Jeep Patriot,Jeep,Patriot,2007-2017,,SUV,无可用尺码
Jeep Renegade,Jeep,Renegade,2015-2023,,SUV,无可用尺码
Jeep Wagoneer,Jeep,Wagoneer,1963-2025,Incl: L,SUV,无可用尺码
Jeep Wagoneer S,Jeep,Wagoneer S,2025-2026,,SUV,无可用尺码
Jeep Wrangler,Jeep,Wrangler,1987-2026,2dr JK/2dr JL/2dr JL Xtreme/2dr LJ Unlimited/2dr LJ Unlimited Rubicon/2dr TJ/2dr TJ Rubicon/2dr YJ/4dr JKU/4dr JLU/4dr JLU Rubicon 392/4dr JLU Xtreme,SUV,无可用尺码
Karma Automotive GS-6,Karma Automotive,GS-6,2021-2022,,Sedan,4XL
Karma Automotive Revero,Karma Automotive,Revero,2017-2025,Incl: GT/GTS,Sedan,4XL
Kia Amanti,Kia,Amanti,2004-2009,,Sedan,4XL
Kia Borrego,Kia,Borrego,2009,,SUV,无可用尺码
Kia Cadenza,Kia,Cadenza,2014-2020,,Sedan,4XL
Kia Carnival,Kia,Carnival,2002-2026,Incl: Sedona/Sedona LWB/Sedona SWB,MPV,无可用尺码
Kia EV6,Kia,EV6,2022-2026,,Crossover,无可用尺码
Kia EV9,Kia,EV9,2024-2026,,SUV,无可用尺码
Kia Forte,Kia,Forte,2010-2024,Incl: Forte5/Koup,Coupe/Hatchback/Sedan,无可用尺码
Kia K5,Kia,K5,2021-2026,,Sedan,无可用尺码
Kia K900,Kia,K900,2015-2020,,Sedan,4XL
Kia NIRO,Kia,NIRO,2017-2026,Incl: EV,Crossover,无可用尺码
Kia Optima,Kia,Optima,2001-2020,Incl: Hybrid/PHEV,Sedan,无可用尺码
Kia Rio,Kia,Rio,2001-2023,Incl: Rio5,Hatchback/Sedan/Wagon,无可用尺码
Kia Rondo,Kia,Rondo,2007-2010,,SUV,无可用尺码
Kia SELTOS,Kia,SELTOS,2021-2025,,SUV,无可用尺码
Kia Sephia,Kia,Sephia,1994-2001,,Sedan,无可用尺码
Kia Sorento,Kia,Sorento,2003-2026,Incl: PHEV,SUV,无可用尺码
Kia Soul,Kia,Soul,2010-2025,Incl: EV,Hatchback/Wagon,无可用尺码
Kia Spectra,Kia,Spectra,2000-2009,,Hatchback/Sedan,无可用尺码
Kia Sportage,Kia,Sportage,1995-2026,Incl: 2dr/4dr/PHEV,SUV,无可用尺码
Kia Stinger,Kia,Stinger,2018-2023,Incl: GT,Coupe/Fastback/Liftback,无可用尺码
Kia Telluride,Kia,Telluride,2020-2026,,SUV,无可用尺码
Land Rover Defender,Land Rover,Defender,1993-2026,90/90 NAS/110/110 NAS/110 OCTA/130,SUV,无可用尺码
Land Rover Discovery,Land Rover,Discovery,1994-2024,,SUV,无可用尺码
Land Rover Discovery Sport,Land Rover,Discovery Sport,2015-2026,,SUV,无可用尺码
Land Rover Evoque,Land Rover,Evoque,2012-2026,,Coupe/SUV,无可用尺码
Land Rover Freelander,Land Rover,Freelander,2002-2005,,SUV,无可用尺码
Land Rover LR2,Land Rover,LR2,2008-2015,,SUV,无可用尺码
Land Rover LR3,Land Rover,LR3,2005-2009,,SUV,无可用尺码
Land Rover LR4,Land Rover,LR4,2010-2016,,SUV,无可用尺码
Land Rover Range Rover,Land Rover,Range Rover,1987-2026,Incl: LWB,SUV,无可用尺码
Land Rover Range Rover Evoque,Land Rover,Range Rover Evoque,2012-2026,,Convertible/Coupe/SUV,无可用尺码
Land Rover Range Rover Sport,Land Rover,Range Rover Sport,2006-2026,,SUV,无可用尺码
Land Rover Range Rover Velar,Land Rover,Range Rover Velar,2018-2026,,SUV,无可用尺码
Lexus CT,Lexus,CT,2011-2017,,Hatchback,无可用尺码
Lexus ES,Lexus,ES,1991-2018,,Sedan,无可用尺码
Lexus ES,Lexus,ES,2019-2026,,Sedan,4XL
Lexus GS,Lexus,GS,1993-1997,,Sedan,4XL
Lexus GS,Lexus,GS,1998-2020,,Sedan,无可用尺码
Lexus GX,Lexus,GX,2003-2026,Incl: Overtrail,SUV,无可用尺码
Lexus HS,Lexus,HS,2010-2012,,Sedan,无可用尺码
Lexus IS,Lexus,IS,2001-2026,,Convertible/Sedan,无可用尺码
Lexus LC,Lexus,LC,2018-2026,,Convertible/Coupe,无可用尺码
Lexus LFA,Lexus,LFA,2012,,Coupe,无可用尺码
Lexus LS,Lexus,LS,1990-1994,,Sedan,无可用尺码
Lexus LS,Lexus,LS,1995-2026,Incl: L,Sedan,4XL
Lexus LX,Lexus,LX,1996-2026,,SUV,无可用尺码
Lexus NX,Lexus,NX,2015-2026,,SUV,无可用尺码
Lexus RC,Lexus,RC,2015-2025,Incl: RC F,Coupe,无可用尺码
Lexus RX,Lexus,RX,1999-2026,Incl: RX L,SUV,无可用尺码
Lexus RZ,Lexus,RZ,2023-2026,,SUV,无可用尺码
Lexus SC,Lexus,SC,1992-2010,,Convertible/Coupe,无可用尺码
Lexus TX,Lexus,TX,2024-2026,,SUV,无可用尺码
Lexus UX,Lexus,UX,2019-2026,,SUV,无可用尺码
Lincoln Aviator,Lincoln,Aviator,2003-2026,,SUV,无可用尺码
Lincoln Continental,Lincoln,Continental,1940-1957,,Convertible/Coupe,4XL
Lincoln Continental,Lincoln,Continental,1958-1960,,Convertible/Sedan,无可用尺码
Lincoln Continental,Lincoln,Continental,1961-1969,,Convertible/Sedan,4XL
Lincoln Continental,Lincoln,Continental,1970-1979,,Coupe/Sedan,无可用尺码
Lincoln Continental,Lincoln,Continental,1980,,Coupe/Sedan,4XL
Lincoln Continental,Lincoln,Continental,1982-1987,,Sedan,无可用尺码
Lincoln Continental,Lincoln,Continental,1988-2020,,Sedan,4XL
Lincoln Corsair,Lincoln,Corsair,2020-2026,Incl: PHEV,SUV,无可用尺码
Lincoln LS,Lincoln,LS,2000-2006,,Sedan,无可用尺码
Lincoln MKC,Lincoln,MKC,2015-2019,,SUV,无可用尺码
Lincoln MKS,Lincoln,MKS,2009-2016,,Sedan,4XL
Lincoln MKT,Lincoln,MKT,2010-2019,,Crossover,无可用尺码
Lincoln MKX,Lincoln,MKX,2007-2018,,Crossover,无可用尺码
Lincoln MKZ,Lincoln,MKZ,2008-2020,,Sedan,无可用尺码
Lincoln Mark VII,Lincoln,Mark VII,1984-1992,,Coupe,4XL
Lincoln Mark VIII,Lincoln,Mark VIII,1993-1998,,Coupe,4XL
Lincoln Nautilus,Lincoln,Nautilus,2019-2026,,SUV,无可用尺码
Lincoln Navigator,Lincoln,Navigator,1998-2026,Incl: L,SUV,无可用尺码
Lincoln Town Car,Lincoln,Town Car,1981-2011,Incl: L,Sedan,4XL
Lincoln Zephyr,Lincoln,Zephyr,2006,,Sedan,无可用尺码
Lucid Motors Air,Lucid Motors,Air,2022-2026,,Sedan,4XL
Lucid Motors Gravity,Lucid Motors,Gravity,2025-2026,,SUV,无可用尺码
MG 1100,MG,1100,1963-1967,ADO16 2/4-door,Sedan,无可用尺码
MG MGA,MG,MGA,1956-1962,Standard,Coupe/Roadster,无可用尺码
MG MGB,MG,MGB,1963-1980,Chrome Bumper Standard/Europe Chrome Bumper/Europe Rubber Bumper/North America 1974½ Rubber Bumper/North America Sabrina/Rubber Bumper,Roadster,无可用尺码
MG MGB GT,MG,MGB GT,1966-1974,Chrome Bumper/Europe Chrome Bumper/Europe Rubber Bumper/North America 1974½ Rubber Bumper/North America Sabrina,Coupe,无可用尺码
MG MGC,MG,MGC,1968-1969,Standard,Roadster,无可用尺码
MG MGC GT,MG,MGC GT,1968-1969,Standard,Coupe,无可用尺码
MG Magnette,MG,Magnette,1955-1964,Standard/ZA/ZB,Sedan,无可用尺码
MG Midget,MG,Midget,1962-1979,Mk I/Mk II/Mk III Europe/Mk III North America/Mk III Standard/Rubber Bumper,Roadster,无可用尺码
MG TC Midget,MG,TC Midget,1946-1949,Standard,Roadster,无可用尺码
MG TD Midget,MG,TD Midget,1950-1953,Standard,Roadster,无可用尺码
MG TF Midget,MG,TF Midget,1954-1955,Standard,Roadster,无可用尺码
MINI Clubman,MINI,Clubman,2008-2024,,Wagon,无可用尺码
MINI Convertible,MINI,Convertible,2005-2026,Incl: JCW,Convertible,无可用尺码
MINI Cooper,MINI,Cooper,2002-2026,Incl: 2dr/2dr S/2dr SE/4dr/4dr S,Hatchback,无可用尺码
MINI Cooper SE,MINI,Cooper SE,2020-2024,,Hatchback,无可用尺码
MINI Countryman,MINI,Countryman,2011-2026,Incl: JCW,SUV,无可用尺码
MINI Coupe,MINI,Coupe,2012-2015,,Coupe,无可用尺码
MINI Hardtop,MINI,Hardtop,2002-2024,2dr/4dr,Hatchback,无可用尺码
MINI Hatchback,MINI,Hatchback,2002-2024,2dr/2dr Cooper SE/4dr,Hatchback,无可用尺码
MINI Paceman,MINI,Paceman,2013-2016,Incl: JCW ALL4,Crossover/SUV,无可用尺码
MINI Roadster,MINI,Roadster,2012-2015,Incl: JCW,Convertible,无可用尺码
Maserati Ghibli,Maserati,Ghibli,2014-2024,,Sedan,4XL
Maserati GranTurismo,Maserati,GranTurismo,2008-2026,,Convertible/Coupe,无可用尺码
Maserati Grecale,Maserati,Grecale,2023-2026,,SUV,无可用尺码
Maserati Levante,Maserati,Levante,2017-2024,,SUV,无可用尺码
Maserati MC20,Maserati,MC20,2022-2025,Incl: Cielo,Convertible/Coupe,无可用尺码
Maserati Quattroporte,Maserati,Quattroporte,2005-2024,,Sedan,4XL
Mazda 2,Mazda,2,2011-2014,,Hatchback,无可用尺码
Mazda 3,Mazda,3,2004-2026,,Hatchback/Sedan,无可用尺码
Mazda 5,Mazda,5,2006-2015,,SUV,无可用尺码
Mazda 6,Mazda,6,2003-2021,,Hatchback/Sedan/Wagon,无可用尺码
Mazda CX-3,Mazda,CX-3,2016-2021,,SUV,无可用尺码
Mazda CX-30,Mazda,CX-30,2020-2026,,SUV,无可用尺码
Mazda CX-5,Mazda,CX-5,2013-2026,,SUV,无可用尺码
Mazda CX-50,Mazda,CX-50,2023-2026,,SUV,无可用尺码
Mazda CX-7,Mazda,CX-7,2007-2012,,SUV,无可用尺码
Mazda CX-70,Mazda,CX-70,2025-2026,,SUV,无可用尺码
Mazda CX-9,Mazda,CX-9,2007-2023,,SUV,无可用尺码
Mazda CX-90,Mazda,CX-90,2024-2026,,SUV,无可用尺码
Mazda MX-30,Mazda,MX-30,2022-2023,,SUV,无可用尺码
Mazda MX-5,Mazda,MX-5,1990-2026,Incl: RF,Convertible/Coupe,无可用尺码
Mazda MX-6,Mazda,MX-6,1990-1997,,Coupe,无可用尺码
Mazda Miata,Mazda,Miata,1990-2026,Incl: RF/soft top,Convertible/Coupe,无可用尺码
Mazda Millenia,Mazda,Millenia,1995-2002,,Sedan,无可用尺码
Mazda Protege,Mazda,Protege,1990-2003,Incl: Protege5,Hatchback/Sedan,无可用尺码
Mazda RX-7,Mazda,RX-7,1979-1995,,Convertible/Coupe,无可用尺码
Mazda RX-8,Mazda,RX-8,2009-2011,,Coupe,无可用尺码
Mazda Speed3,Mazda,Speed3,2007-2013,,Hatchback,无可用尺码
Mazda Tribute,Mazda,Tribute,2001-2011,,SUV,无可用尺码
Mercedes-Benz 190,Mercedes-Benz,190,1984-1993,,Sedan,无可用尺码
Mercedes-Benz A-Class,Mercedes-Benz,A-Class,2019-2022,Incl: AMG,Sedan,无可用尺码
Mercedes-Benz B-Class,Mercedes-Benz,B-Class,2014-2017,,Hatchback,无可用尺码
Mercedes-Benz C-Class,Mercedes-Benz,C-Class,1994-2026,Incl: AMG/PHEV/SportCoupe,Convertible/Coupe/Hatchback/Sedan/Wagon,无可用尺码
Mercedes-Benz CL-Class,Mercedes-Benz,CL-Class,1998-2014,Incl: AMG,Coupe,无可用尺码
Mercedes-Benz CLA-Class,Mercedes-Benz,CLA-Class,2014-2027,Incl: AMG,Sedan,无可用尺码
Mercedes-Benz CLK-Class,Mercedes-Benz,CLK-Class,1998-2009,,Convertible/Coupe,无可用尺码
Mercedes-Benz CLS-Class,Mercedes-Benz,CLS-Class,2006-2018,4dr coupe,Sedan,无可用尺码
Mercedes-Benz CLS-Class,Mercedes-Benz,CLS-Class,2006-2011,AMG,Sedan,无可用尺码
Mercedes-Benz CLS-Class,Mercedes-Benz,CLS-Class,2012-2021,AMG,Sedan,4XL
Mercedes-Benz CLS-Class,Mercedes-Benz,CLS-Class,2019-2023,4dr coupe,Sedan,4XL
Mercedes-Benz E-Class,Mercedes-Benz,E-Class,1994-2023,,Convertible/Coupe/Sedan/Wagon,无可用尺码
Mercedes-Benz E-Class,Mercedes-Benz,E-Class,1999-2018,AMG/Cabriolet,Convertible/Sedan,无可用尺码
Mercedes-Benz E-Class,Mercedes-Benz,E-Class,2019-2026,AMG/PHEV,Sedan,4XL
Mercedes-Benz E-Class,Mercedes-Benz,E-Class,2021-2026,Incl: All-Terrain,Wagon,无可用尺码
Mercedes-Benz E-Class,Mercedes-Benz,E-Class,2025-2026,,Sedan,4XL
Mercedes-Benz EQB,Mercedes-Benz,EQB,2022-2025,,SUV,无可用尺码
Mercedes-Benz G-Class,Mercedes-Benz,G-Class,2003-2026,Incl: AMG,SUV,无可用尺码
Mercedes-Benz GL-Class,Mercedes-Benz,GL-Class,2007-2016,Incl: AMG,SUV,无可用尺码
Mercedes-Benz GLA-Class,Mercedes-Benz,GLA-Class,2015-2026,Incl: AMG,SUV,无可用尺码
Mercedes-Benz GLB-Class,Mercedes-Benz,GLB-Class,2020-2026,,SUV,无可用尺码
Mercedes-Benz GLC-Class,Mercedes-Benz,GLC-Class,2016-2026,Incl: AMG,Crossover/SUV,无可用尺码
Mercedes-Benz GLE-Class,Mercedes-Benz,GLE-Class,2016-2026,,Coupe/SUV,无可用尺码
Mercedes-Benz GLK-Class,Mercedes-Benz,GLK-Class,2011-2015,,SUV,无可用尺码
Mercedes-Benz GLS-Class,Mercedes-Benz,GLS-Class,2017-2026,AMG,SUV,无可用尺码
Mercedes-Benz M-Class,Mercedes-Benz,M-Class,1998-2015,Incl: AMG/Diesel,SUV,无可用尺码
Mercedes-Benz ML-Class,Mercedes-Benz,ML-Class,1998-2015,,SUV,无可用尺码
Mercedes-Benz S-Class,Mercedes-Benz,S-Class,1994-2026,Incl: AMG/LWB/Maybach/S 550e PHEV/S 560e PHEV,Sedan,4XL
Mercedes-Benz S-Class,Mercedes-Benz,S-Class,1994-2020,Incl: PHEV,Convertible/Coupe,无可用尺码
Mercedes-Benz SL-Class,Mercedes-Benz,SL-Class,1954-2026,Incl: 300 SL/300SL/500 SL/560SL/600 SL/AMG/SL320/SL500/SL600,Convertible/Coupe,无可用尺码
Mercedes-Benz SLC-Class,Mercedes-Benz,SLC-Class,2017-2020,Incl: AMG,Convertible,无可用尺码
Mercedes-Benz SLK-Class,Mercedes-Benz,SLK-Class,1998-2016,Incl: AMG,Convertible,无可用尺码
Mercury Cougar,Mercury,Cougar,1967-1973,,Convertible/Coupe,无可用尺码
Mercury Cougar,Mercury,Cougar,1974-1979,Incl: XR-7,Coupe/Sedan,4XL
Mercury Cougar,Mercury,Cougar,1977-2002,,Hatchback/Wagon,无可用尺码
Mercury Cougar,Mercury,Cougar,1980-1997,,Coupe/Sedan,无可用尺码
Mercury Grand Marquis,Mercury,Grand Marquis,1975-1978,,Sedan,无可用尺码
Mercury Grand Marquis,Mercury,Grand Marquis,1979-2011,,Sedan,4XL
Mercury Marauder,Mercury,Marauder,2003-2004,,Sedan,4XL
Mercury Mariner,Mercury,Mariner,2005-2011,,SUV,无可用尺码
Mercury Marquis,Mercury,Marquis,1967-1970,,Coupe/Sedan,4XL
Mercury Marquis,Mercury,Marquis,1971-1972,,Coupe/Sedan,无可用尺码
Mercury Marquis,Mercury,Marquis,1973,,Coupe/Sedan,4XL
Mercury Marquis,Mercury,Marquis,1973-1986,,Wagon,无可用尺码
Mercury Marquis,Mercury,Marquis,1974-1978,,Coupe/Sedan,无可用尺码
Mercury Marquis,Mercury,Marquis,1979-1982,,Coupe/Sedan,4XL
Mercury Marquis,Mercury,Marquis,1983-1986,,Sedan,无可用尺码
Mercury Milan,Mercury,Milan,2006-2011,,Sedan,无可用尺码
Mercury Monterey,Mercury,Monterey,1952-1953,,Convertible/Coupe/Sedan,无可用尺码
Mercury Monterey,Mercury,Monterey,1952-2007,,Hatchback/MPV/Wagon,无可用尺码
Mercury Monterey,Mercury,Monterey,1954-1974,,Convertible/Coupe/Sedan,4XL
Mercury Mountaineer,Mercury,Mountaineer,1997-2010,,SUV,无可用尺码
Mercury Sable,Mercury,Sable,1986-1995,,Sedan,无可用尺码
Mercury Sable,Mercury,Sable,1986-2005,,Wagon,无可用尺码
Mercury Sable,Mercury,Sable,1996-2009,,Sedan,4XL
Mercury Tracer,Mercury,Tracer,1988-1999,,Sedan/Wagon,无可用尺码
Mitsubishi 3000GT,Mitsubishi,3000GT,1991-1999,,Convertible/Coupe,无可用尺码
Mitsubishi Diamante,Mitsubishi,Diamante,1992-1997,,Sedan,无可用尺码
Mitsubishi Diamante,Mitsubishi,Diamante,1998-2004,,Sedan,4XL
Mitsubishi Eclipse,Mitsubishi,Eclipse,1990-2012,Incl: Spyder,Convertible/Coupe/Hatchback,无可用尺码
Mitsubishi Eclipse Cross,Mitsubishi,Eclipse Cross,2018-2026,,Crossover,无可用尺码
Mitsubishi Endeavor,Mitsubishi,Endeavor,2004-2011,,SUV,无可用尺码
Mitsubishi Galant,Mitsubishi,Galant,1989-2012,,Sedan,无可用尺码
Mitsubishi Lancer,Mitsubishi,Lancer,2002-2017,,Hatchback/Sedan,无可用尺码
Mitsubishi Mirage,Mitsubishi,Mirage,2014-2024,,Hatchback/Sedan,无可用尺码
Mitsubishi Montero,Mitsubishi,Montero,1983-2006,Incl: 2dr SWB/4dr LS LWB/4dr LWB,SUV,无可用尺码
Mitsubishi Montero Sport,Mitsubishi,Montero Sport,1997-2004,,SUV,无可用尺码
Mitsubishi Outlander,Mitsubishi,Outlander,2003-2026,,SUV,无可用尺码
Mitsubishi Outlander Sport,Mitsubishi,Outlander Sport,2011-2025,,SUV,无可用尺码
Mitsubishi i-MiEV,Mitsubishi,i-MiEV,2012-2017,,Hatchback,无可用尺码
Nissan 240SX,Nissan,240SX,1989-1998,Incl: Fastback,Convertible/Coupe/Hatchback,无可用尺码
Nissan 300ZX,Nissan,300ZX,1984-1996,Incl: 2+2/2+2 Coupe/2-Seater,Convertible/Coupe,无可用尺码
Nissan 350Z,Nissan,350Z,2003-2009,,Convertible/Coupe,无可用尺码
Nissan 370Z,Nissan,370Z,2009-2020,Incl: NISMO,Convertible/Coupe,无可用尺码
Nissan Altima,Nissan,Altima,1993-2026,,Coupe/Sedan,无可用尺码
Nissan Ariya,Nissan,Ariya,2023-2026,,SUV,无可用尺码
Nissan Armada,Nissan,Armada,2004-2026,Incl: NISMO/PRO-4X,SUV,无可用尺码
Nissan Cube,Nissan,Cube,2009-2014,,Wagon,无可用尺码
Nissan GT-R,Nissan,GT-R,2009-2024,Incl: NISMO,Coupe,无可用尺码
Nissan Juke,Nissan,Juke,2011-2017,,Crossover,无可用尺码
Nissan Kicks,Nissan,Kicks,2018-2026,,SUV,无可用尺码
Nissan Leaf,Nissan,Leaf,2011-2026,,Crossover/Hatchback,无可用尺码
Nissan Maxima,Nissan,Maxima,1981-2023,,Sedan/Wagon,无可用尺码
Nissan Murano,Nissan,Murano,2003-2026,,SUV,无可用尺码
Nissan Pathfinder,Nissan,Pathfinder,1987-2026,Incl: Narrow-body/Rock Creek/Wide-body,SUV,无可用尺码
Nissan Rogue,Nissan,Rogue,2008-2026,Incl: PHEV,SUV,无可用尺码
Nissan Rogue Sport,Nissan,Rogue Sport,2017-2022,,SUV,无可用尺码
Nissan Sentra,Nissan,Sentra,1982-2026,Incl: 2dr/4dr,Coupe/Hatchback/Sedan/Wagon,无可用尺码
Nissan Versa,Nissan,Versa,2007-2026,,Hatchback/Sedan,无可用尺码
Nissan Versa Note,Nissan,Versa Note,2014-2019,,Hatchback,无可用尺码
Nissan Xterra,Nissan,Xterra,2000-2015,,SUV,无可用尺码
Nissan Z,Nissan,Z,2023-2026,Incl: NISMO,Coupe,无可用尺码
Oldsmobile 88,Oldsmobile,88,1949-1950,,Coupe,无可用尺码
Oldsmobile 88,Oldsmobile,88,1951-1971,,Coupe,4XL
Oldsmobile 88,Oldsmobile,88,1951-1972,,Sedan,4XL
Oldsmobile 88,Oldsmobile,88,1957-1985,,Hatchback/Wagon,无可用尺码
Oldsmobile 88,Oldsmobile,88,1972-1976,,Coupe,无可用尺码
Oldsmobile 88,Oldsmobile,88,1973-1976,,Sedan,无可用尺码
Oldsmobile 88,Oldsmobile,88,1977-1985,,Coupe/Sedan,4XL
Oldsmobile 88,Oldsmobile,88,1986-1999,,Coupe/Sedan,无可用尺码
Oldsmobile Achieva,Oldsmobile,Achieva,1992-1998,,Coupe/Sedan,无可用尺码
Oldsmobile Alero,Oldsmobile,Alero,1999-2004,,Coupe/Sedan,无可用尺码
Oldsmobile Aurora,Oldsmobile,Aurora,1995-2003,,Sedan,4XL
Oldsmobile Bravada,Oldsmobile,Bravada,1991-2004,,SUV,无可用尺码
Oldsmobile Custom Cruiser,Oldsmobile,Custom Cruiser,1976,455 V8,Wagon,无可用尺码
Oldsmobile Cutlass,Oldsmobile,Cutlass,1961-1999,Cutlass/F-85/FWD/RWD/Supreme,Convertible/Coupe/Sedan/Wagon,无可用尺码
Oldsmobile Cutlass,Oldsmobile,Cutlass,1964-1967,Incl: F-85 Cutlass,Convertible/Coupe,4XL
Oldsmobile Cutlass,Oldsmobile,Cutlass,1965-1977,,Sedan,4XL
Oldsmobile Cutlass,Oldsmobile,Cutlass,1968,,Convertible/Coupe,无可用尺码
Oldsmobile Cutlass,Oldsmobile,Cutlass,1968-1996,Incl: Ciera,Wagon,无可用尺码
Oldsmobile Cutlass,Oldsmobile,Cutlass,1969-1977,,Convertible/Coupe,4XL
Oldsmobile Cutlass,Oldsmobile,Cutlass,1983-1996,Incl: Ciera,Coupe/Sedan,无可用尺码
Oldsmobile Intrigue,Oldsmobile,Intrigue,1998-2002,,Sedan,4XL
Plymouth Acclaim,Plymouth,Acclaim,1989-1995,,Sedan,无可用尺码
Plymouth Barracuda,Plymouth,Barracuda,1964-1974,Incl: Barracuda 318 V8/Cuda 360,Coupe/Fastback,无可用尺码
Plymouth Breeze,Plymouth,Breeze,1996-2000,,Sedan,无可用尺码
Plymouth Fury,Plymouth,Fury,1956-1960,Incl: 2dr Hardtop V-800/Belvedere Fury/Sport Fury,Convertible/Coupe/Hardtop,4XL
Plymouth Fury,Plymouth,Fury,1959-1961,Incl: 4dr Hardtop V-800,Convertible/Sedan,4XL
Plymouth Fury,Plymouth,Fury,1961,,Coupe,4XL
Plymouth Fury,Plymouth,Fury,1962,,Convertible/Coupe/Sedan,无可用尺码
Plymouth Fury,Plymouth,Fury,1962-1964,,Wagon,无可用尺码
Plymouth Fury,Plymouth,Fury,1963-1978,Incl: Fast Top/Hardtop/Sport Fury,Convertible/Coupe/Sedan,4XL
Plymouth Laser,Plymouth,Laser,1990-1994,,Coupe,无可用尺码
Plymouth Neon,Plymouth,Neon,1995-2001,,Coupe/Sedan,无可用尺码
Plymouth Road Runner,Plymouth,Road Runner,1968-1970,,Coupe,无可用尺码
Plymouth Road Runner,Plymouth,Road Runner,1971-1975,,Coupe,4XL
Plymouth Sundance,Plymouth,Sundance,1992-1994,,Hatchback,无可用尺码
Plymouth Valiant,Plymouth,Valiant,1960-1976,Incl: Duster/Scamp,Convertible/Coupe/Sedan/Wagon,无可用尺码
Polestar 1,Polestar,1,2020-2021,,Coupe,无可用尺码
Polestar 2,Polestar,2,2021-2025,,Hatchback,无可用尺码
Polestar 3,Polestar,3,2025-2026,,SUV,无可用尺码
Polestar 4,Polestar,4,2026,,SUV,无可用尺码
Pontiac Astre,Pontiac,Astre,1975-1977,Incl: Safari,Hatchback/Sedan/Wagon,无可用尺码
Pontiac Aztec,Pontiac,Aztec,2001-2005,,Crossover,无可用尺码
Pontiac Bonneville,Pontiac,Bonneville,1957-1969,,Convertible/Coupe/Sedan,4XL
Pontiac Bonneville,Pontiac,Bonneville,1958-1981,Incl: Grand Safari/Safari,Hatchback/Wagon,无可用尺码
Pontiac Bonneville,Pontiac,Bonneville,1970,,Convertible/Coupe/Sedan,无可用尺码
Pontiac Bonneville,Pontiac,Bonneville,1971-1976,,Convertible,4XL
Pontiac Bonneville,Pontiac,Bonneville,1971,,Coupe/Sedan,4XL
Pontiac Bonneville,Pontiac,Bonneville,1972-1976,,Coupe/Sedan,无可用尺码
Pontiac Bonneville,Pontiac,Bonneville,1977-1981,,Coupe/Sedan,4XL
Pontiac Bonneville,Pontiac,Bonneville,1982-2005,,Sedan,无可用尺码
Pontiac Firebird,Pontiac,Firebird,1967-2002,Incl: Trans Am,Convertible/Coupe,无可用尺码
Pontiac G3,Pontiac,G3,2009,,Hatchback,无可用尺码
Pontiac G5,Pontiac,G5,2007-2009,,Coupe,无可用尺码
Pontiac G6,Pontiac,G6,2005-2010,,Convertible/Sedan,无可用尺码
Pontiac G8,Pontiac,G8,2008-2009,,Fastback,4XL
Pontiac GTO,Pontiac,GTO,1964-1967,,Convertible/Coupe,4XL
Pontiac GTO,Pontiac,GTO,1968-1969,,Coupe,无可用尺码
Pontiac GTO,Pontiac,GTO,1970-1972,,Coupe,4XL
Pontiac GTO,Pontiac,GTO,1974-2006,,Coupe,无可用尺码
Pontiac Grand Am,Pontiac,Grand Am,1992-2005,,Coupe/Sedan,无可用尺码
Pontiac Grand Prix,Pontiac,Grand Prix,1963-1977,,Coupe,4XL
Pontiac Grand Prix,Pontiac,Grand Prix,1978-2002,,Coupe,无可用尺码
Pontiac Grand Prix,Pontiac,Grand Prix,1997-2008,,Sedan,4XL
Pontiac Grand Safari,Pontiac,Grand Safari,1974-1976,455-4 V8,Wagon,无可用尺码
Pontiac LeMans,Pontiac,LeMans,1961-1963,Incl: LeMans/Safari/Tempest/Tempest LeMans,Convertible/Coupe/Wagon,无可用尺码
Pontiac LeMans,Pontiac,LeMans,1964-1967,,Convertible/Coupe,4XL
Pontiac LeMans,Pontiac,LeMans,1964-1977,,Sedan,4XL
Pontiac LeMans,Pontiac,LeMans,1964-1993,,Hatchback/Wagon,无可用尺码
Pontiac LeMans,Pontiac,LeMans,1968-1969,,Convertible/Coupe,无可用尺码
Pontiac LeMans,Pontiac,LeMans,1970-1972,,Convertible,4XL
Pontiac LeMans,Pontiac,LeMans,1970,,Coupe,无可用尺码
Pontiac LeMans,Pontiac,LeMans,1971-1977,Incl: Can Am,Coupe,4XL
Pontiac LeMans,Pontiac,LeMans,1978-1993,,Coupe/Sedan,无可用尺码
Pontiac Solstice,Pontiac,Solstice,2006-2009,,Convertible/Coupe,无可用尺码
Pontiac Sunfire,Pontiac,Sunfire,1995-2005,,Convertible/Coupe/Sedan,无可用尺码
Pontiac Torrent,Pontiac,Torrent,2006-2009,,SUV,无可用尺码
Pontiac Vibe,Pontiac,Vibe,2003-2010,,Hatchback,无可用尺码
Porsche 911,Porsche,911,1965-2026,Incl: Dakar/GT2/GT2 RS/GT3/GT3 RS/Speedster/Turbo,Convertible/Coupe/Targa,无可用尺码
Porsche 912,Porsche,912,1965-1976,Incl: 912E,Coupe,无可用尺码
Porsche Boxster,Porsche,Boxster,1997-2025,,Convertible/Coupe,无可用尺码
Porsche Cayenne,Porsche,Cayenne,2003-2026,,Coupe/SUV,无可用尺码
Porsche Cayman,Porsche,Cayman,2009-2025,,Coupe,无可用尺码
Porsche Macan,Porsche,Macan,2015-2026,,SUV,无可用尺码
Porsche Panamera,Porsche,Panamera,2010-2016,Incl: Executive LWB,Hatchback/Liftback,无可用尺码
Porsche Panamera,Porsche,Panamera,2017-2026,Incl: Executive LWB,Liftback,4XL
Porsche Panamera,Porsche,Panamera,2018-2023,Sport Turismo,Wagon,无可用尺码
Porsche Taycan,Porsche,Taycan,2020-2026,Incl: Turbo GT,Sedan,4XL
Porsche Taycan,Porsche,Taycan,2021-2026,Incl: Cross Turismo/Sport Turismo,Wagon,无可用尺码
Rivian R1S,Rivian,R1S,2022-2026,,SUV,无可用尺码
Saab 9-3,Saab,9-3,1999-2011,,Convertible/Sedan/Wagon,无可用尺码
Saab 9-5,Saab,9-5,1999-2009,,Sedan/Wagon,无可用尺码
Saab 9-5,Saab,9-5,2010-2011,,Sedan,4XL
Saab 900,Saab,900,1979-1998,,Convertible/Hatchback,无可用尺码
Saturn Astra,Saturn,Astra,2008-2009,,Hatchback,无可用尺码
Saturn Aura,Saturn,Aura,2007-2009,,Sedan,无可用尺码
Saturn Ion,Saturn,Ion,2003-2007,,Coupe/Sedan,无可用尺码
Saturn L-Series,Saturn,L-Series,2000-2005,,Sedan/Wagon,无可用尺码
Saturn Outlook,Saturn,Outlook,2007-2010,,SUV,无可用尺码
Saturn S-Series,Saturn,S-Series,1991-2002,,Coupe/Sedan/Wagon,无可用尺码
Saturn Sky,Saturn,Sky,2007-2010,,Convertible,无可用尺码
Saturn Vue,Saturn,Vue,2002-2010,,SUV,无可用尺码
Scion FR-S,Scion,FR-S,2013-2016,,Coupe,无可用尺码
Scion XA,Scion,XA,2004-2006,,Hatchback,无可用尺码
Scion iA,Scion,iA,2016,,Sedan,无可用尺码
Scion iM,Scion,iM,2016,,Hatchback,无可用尺码
Scion iQ,Scion,iQ,2012-2015,,Hatchback,无可用尺码
Scion tC,Scion,tC,2005-2016,,Coupe,无可用尺码
Scion xB,Scion,xB,2004-2015,,Hatchback/Wagon,无可用尺码
Scion xD,Scion,xD,2008-2014,,Hatchback,无可用尺码
Subaru Ascent,Subaru,Ascent,2019-2026,,SUV,无可用尺码
Subaru BRZ,Subaru,BRZ,2013-2020,,Coupe,无可用尺码
Subaru Crosstrek,Subaru,Crosstrek,2013-2026,Incl: Wilderness,Crossover,无可用尺码
Subaru Forester,Subaru,Forester,1998-2026,Incl: Wilderness,SUV,无可用尺码
Subaru Impreza,Subaru,Impreza,1993-2026,Incl: Outback Sport,Coupe/Hatchback/Sedan/Wagon,无可用尺码
Subaru Legacy,Subaru,Legacy,1990-2025,,Sedan/Wagon,无可用尺码
Subaru Outback,Subaru,Outback,1995-2026,Incl: Wilderness,Hatchback/Wagon,无可用尺码
Subaru Outback Sport,Subaru,Outback Sport,1995-2011,Incl: Outback Sport,Hatchback/Wagon,无可用尺码
Subaru Solterra,Subaru,Solterra,2023-2026,,SUV,无可用尺码
Subaru Tribeca,Subaru,Tribeca,2006-2014,,SUV,无可用尺码
Subaru WRX,Subaru,WRX,2002-2026,STI/WRX,Hatchback/Sedan/Wagon,无可用尺码
Suzuki Aerio,Suzuki,Aerio,2002-2007,,Sedan/Wagon,无可用尺码
Suzuki Forenza,Suzuki,Forenza,2004-2008,,Sedan/Wagon,无可用尺码
Suzuki Grand Vitara,Suzuki,Grand Vitara,1999-2013,,SUV,无可用尺码
Suzuki SX4,Suzuki,SX4,2007-2013,,Hatchback/Sedan,无可用尺码
Suzuki Sidekick,Suzuki,Sidekick,1989-1998,Incl: Sport,SUV,无可用尺码
Suzuki XL7,Suzuki,XL7,2002-2009,Incl: XL7,SUV,无可用尺码
Tesla Model 3,Tesla,Model 3,2017-2026,,Sedan,无可用尺码
Tesla Model S,Tesla,Model S,2012-2026,,Hatchback,无可用尺码
Tesla Model X,Tesla,Model X,2016-2026,,SUV,无可用尺码
Tesla Model Y,Tesla,Model Y,2020-2026,Incl: Performance,Crossover/SUV,无可用尺码
Tesla Model Y L,Tesla,Model Y L,2026,,SUV,无可用尺码
Toyota 4Runner,Toyota,4Runner,1984-2026,,SUV,无可用尺码
Toyota 86,Toyota,86,2017-2026,,Coupe,无可用尺码
Toyota Avalon,Toyota,Avalon,1995-2004,,Sedan,无可用尺码
Toyota Avalon,Toyota,Avalon,2005-2022,,Sedan,4XL
Toyota C-HR,Toyota,C-HR,2018-2022,,Crossover,无可用尺码
Toyota Camry,Toyota,Camry,1983-2026,,Hatchback/Sedan/Wagon,无可用尺码
Toyota Celica,Toyota,Celica,1971-2005,Incl: All-Trac,Convertible/Coupe/Hatchback,无可用尺码
Toyota Corolla,Toyota,Corolla,1968-2026,Incl: GR Corolla,Coupe/Hatchback/Sedan/Wagon,无可用尺码
Toyota Corolla Cross,Toyota,Corolla Cross,2022-2026,,SUV,无可用尺码
Toyota Corolla GR,Toyota,Corolla GR,2023-2026,,Hatchback,无可用尺码
Toyota Corolla iM,Toyota,Corolla iM,2017-2018,,Hatchback,无可用尺码
Toyota Crown,Toyota,Crown,2023-2026,,Sedan,4XL
Toyota Crown Signia,Toyota,Crown Signia,2025-2026,,Wagon,无可用尺码
Toyota Echo,Toyota,Echo,2000-2005,,Sedan,无可用尺码
Toyota FJ Cruiser,Toyota,FJ Cruiser,2007-2014,,SUV,无可用尺码
Toyota Grand Highlander,Toyota,Grand Highlander,2024-2026,,SUV,无可用尺码
Toyota Highlander,Toyota,Highlander,2001-2026,,SUV,无可用尺码
Toyota Land Cruiser,Toyota,Land Cruiser,1967-2026,Incl: 50 Series/early 60 Series Station Wagon,SUV/Wagon,无可用尺码
Toyota MIRAI,Toyota,MIRAI,2016-2020,,Sedan,无可用尺码
Toyota MIRAI,Toyota,MIRAI,2021-2024,,Sedan,4XL
Toyota MR2,Toyota,MR2,1985-2005,,Convertible/Coupe,无可用尺码
Toyota Matrix,Toyota,Matrix,2003-2013,,Hatchback,无可用尺码
Toyota Prius,Toyota,Prius,2001-2026,,Hatchback/Sedan,无可用尺码
Toyota Prius C,Toyota,Prius C,2012-2019,,Hatchback,无可用尺码
Toyota Prius Plug-in Hybrid,Toyota,Prius Plug-in Hybrid,2012-2015,,Hatchback,无可用尺码
Toyota Prius Prime,Toyota,Prius Prime,2017-2026,,Hatchback,无可用尺码
Toyota Prius V,Toyota,Prius V,2012-2017,,Wagon,无可用尺码
Toyota RAV4,Toyota,RAV4,1996-2026,Incl: EV,SUV,无可用尺码
Toyota Sequoia,Toyota,Sequoia,2001-2026,,SUV,无可用尺码
Toyota Sienna,Toyota,Sienna,1998-2026,Incl: Woodland,MPV,无可用尺码
Toyota Solara,Toyota,Solara,1999-2008,,Convertible/Coupe,无可用尺码
Toyota Supra,Toyota,Supra,1979-2026,,Coupe,无可用尺码
Toyota Tercel,Toyota,Tercel,1980-1998,Incl: 2dr Deluxe/4dr/4dr Deluxe/4WD,Coupe/Hatchback/Sedan/Wagon,无可用尺码
Toyota Venza,Toyota,Venza,2009-2024,,SUV/Wagon,无可用尺码
Toyota Yaris,Toyota,Yaris,2007-2020,,Hatchback/Sedan,无可用尺码
Toyota Yaris iA,Toyota,Yaris iA,2017-2018,,Sedan,无可用尺码
Toyota bZ,Toyota,bZ,2026,Incl: Woodland,SUV,无可用尺码
Toyota bZ4X,Toyota,bZ4X,2023-2025,,SUV,无可用尺码
VinFast VF8,VinFast,VF8,2023-2025,Eco/Plus,SUV,无可用尺码
Volkswagen Arteon,Volkswagen,Arteon,2019-2024,SE R-Line/SEL Premium 4MOTION,Hatchback,无可用尺码
Volkswagen Atlas,Volkswagen,Atlas,2018-2026,Cross Sport/SE/SEL R-Line/Technology/V6 SE w,SUV,无可用尺码
Volkswagen Atlas Cross,Volkswagen,Atlas Cross,2021-2026,Cross Sport,SUV,无可用尺码
Volkswagen Beetle,Volkswagen,Beetle,1998-2019,Incl: Dune,Convertible/Hatchback,无可用尺码
Volkswagen Dasher,Volkswagen,Dasher,1978,2dr/4dr Station,Hatchback/Wagon,无可用尺码
Volkswagen Eos,Volkswagen,Eos,2007-2016,,Convertible,无可用尺码
Volkswagen Golf,Volkswagen,Golf,1999-2021,Incl: Diesel/R,Hatchback/Wagon,无可用尺码
Volkswagen Golf,Volkswagen,Golf,2015-2026,GTI,Hatchback,无可用尺码
Volkswagen Golf,Volkswagen,Golf,2022-2026,GTI/R,Hatchback,无可用尺码
Volkswagen Golf,Volkswagen,Golf,2022-2026,R,Hatchback,无可用尺码
Volkswagen ID.4,Volkswagen,ID.4,2021-2026,,SUV,无可用尺码
Volkswagen Jetta,Volkswagen,Jetta,1980-2026,Incl: Diesel/GLI,Sedan/Wagon,无可用尺码
Volkswagen Passat,Volkswagen,Passat,1974-2022,,Hatchback/Sedan/Wagon,无可用尺码
Volkswagen Passat CC,Volkswagen,Passat CC,2009-2017,,Sedan,无可用尺码
Volkswagen Phaeton,Volkswagen,Phaeton,2004-2006,,Sedan,4XL
Volkswagen Rabbit,Volkswagen,Rabbit,1975-2009,Incl: GTI,Convertible/Hatchback,无可用尺码
Volkswagen Taos,Volkswagen,Taos,2022-2026,,SUV,无可用尺码
Volkswagen Tiguan,Volkswagen,Tiguan,2009-2026,,SUV,无可用尺码
Volkswagen Touareg,Volkswagen,Touareg,2004-2017,,SUV,无可用尺码
Volvo C30,Volvo,C30,2008-2013,,Hatchback,无可用尺码
Volvo C40,Volvo,C40,2022-2024,,SUV,无可用尺码
Volvo C40 Recharge,Volvo,C40 Recharge,2022-2024,,SUV,无可用尺码
Volvo C70,Volvo,C70,1998-2013,,Convertible,无可用尺码
Volvo EC40,Volvo,EC40,2025-2026,,Crossover,无可用尺码
Volvo EX30,Volvo,EX30,2025-2026,,SUV,无可用尺码
Volvo EX40,Volvo,EX40,2025-2026,,SUV,无可用尺码
Volvo EX90,Volvo,EX90,2025-2026,,SUV,无可用尺码
Volvo S40,Volvo,S40,2000-2011,,Sedan,无可用尺码
Volvo S60,Volvo,S60,2001-2025,,Sedan,无可用尺码
Volvo S70,Volvo,S70,1998-2000,,Sedan,无可用尺码
Volvo S80,Volvo,S80,1999-2016,,Sedan,无可用尺码
Volvo S90,Volvo,S90,1997-1998,,Sedan,无可用尺码
Volvo S90,Volvo,S90,2017-2025,,Sedan,4XL
Volvo V40,Volvo,V40,2000-2004,,Wagon,无可用尺码
Volvo V50,Volvo,V50,2005-2009,,Wagon,无可用尺码
Volvo V60,Volvo,V60,2015-2026,Incl: Cross Country,Wagon,无可用尺码
Volvo V70,Volvo,V70,1998-2010,Incl: XC,Hatchback/Wagon,无可用尺码
Volvo V90,Volvo,V90,1997-2026,Incl: Cross Country,Wagon,无可用尺码
Volvo XC40,Volvo,XC40,2019-2025,,SUV,无可用尺码
Volvo XC60,Volvo,XC60,2010-2026,,SUV,无可用尺码
Volvo XC70,Volvo,XC70,2003-2016,,Wagon,无可用尺码
Volvo XC90,Volvo,XC90,2003-2026,,SUV,无可用尺码
