CAR,MAKE,MODEL,YEAR,VERSION,CONST,SIZE,SIZE-CODE
Acura ADX,Acura,ADX,2025-2026,,SUV,YL,Y1
Acura CL,Acura,CL,1997-1999,,Coupe,4L,L2
Acura CL,Acura,CL,2001-2003,,Coupe,3XL-0,C3
Acura ILX,Acura,ILX,2013-2015,,Sedan,3M,S1
Acura ILX,Acura,ILX,2016-2022,,Sedan,3L,S2
Acura Integra,Acura,Integra,1986-1993,,Hatchback,2L+,
Acura Integra,Acura,Integra,1990-2001,,Sedan,3M,S1
Acura Integra,Acura,Integra,1994-2001,,Coupe,3M-0,C1
Acura Integra,Acura,Integra,2023-2026,Incl: Type S,Hatchback,2XL,H3
Acura Legend,Acura,Legend,1986-1990,,Coupe/Sedan,4L,L2
Acura Legend,Acura,Legend,1991-1995,,Sedan,3XL,S3
Acura Legend,Acura,Legend,1991-1995,,Coupe,3XL-0,C3
Acura MDX,Acura,MDX,2001-2009,,SUV,YL,Y1
Acura MDX,Acura,MDX,2010-2020,,SUV,YXL,Y2
Acura MDX,Acura,MDX,2022-2026,Incl: Type S,SUV,YXXL,
Acura NSX,Acura,NSX,1991-2022,Incl: Type S,Coupe,3M-0,C1
Acura RDX,Acura,RDX,2007-2009,,SUV,YM,Y0
Acura RDX,Acura,RDX,2010-2026,,SUV,YL,Y1
Acura RL,Acura,RL,1996-2004,,Sedan,3XL,S3
Acura RLX,Acura,RLX,2014-2020,,Sedan,3XL,S3
Acura RSX,Acura,RSX,2002-2006,,Hatchback,2L+,
Acura SLX,Acura,SLX,1996,,SUV,YL,Y1
Acura SLX,Acura,SLX,1997,,SUV,YM,Y0
Acura SLX,Acura,SLX,1998-1999,,SUV,YL,Y1
Acura TL,Acura,TL,1996-2003,Incl: Type-S,Sedan,3XL,S3
Acura TL,Acura,TL,2004-2008,Type-S,Sedan,4L,L2
Acura TL,Acura,TL,2009-2014,SH-AWD,Sedan,3XL,S3
Acura TLX,Acura,TLX,2015-2017,,Sedan,4L,L2
Acura TLX,Acura,TLX,2018-2025,Incl: Type S,Sedan,3XL,S3
Acura TSX,Acura,TSX,2004-2014,,Sedan,3L,S2
Acura TSX,Acura,TSX,2011-2014,,Wagon,2XL,H3
Acura ZDX,Acura,ZDX,2010-2013,,SUV,YXL,Y2
Acura ZDX,Acura,ZDX,2024-2025,,SUV,YXXL,
Alfa Romeo 4C,Alfa Romeo,4C,2015-2020,,Convertible/Coupe,3S-0,C0
Alfa Romeo GIULIA,Alfa Romeo,GIULIA,2017-2026,Incl: Quadrifoglio,Sedan,3L,S2
Alfa Romeo Stelvio,Alfa Romeo,Stelvio,2018-2026,,SUV,YL,Y1
Alfa Romeo Tonale,Alfa Romeo,Tonale,2024-2026,,SUV,YM,Y0
Audi 90,Audi,90,1995,,Sedan,3L,S2
Audi A3,Audi,A3,2006-2013,,Hatchback,2L+,
Audi A3 e-tron,Audi,A3 e-tron,2016-2018,,Hatchback,2L+,
Audi A3/S3,Audi,A3/S3,2015-2016,,Sedan,3M,S1
Audi A3/S3/RS3,Audi,A3/S3/RS3,2017-2026,,Sedan,3M,S1
Audi A4,Audi,A4,1996-2003,,Sedan,3M,S1
Audi A4,Audi,A4,1999,,Wagon,2L+,
Audi A4,Audi,A4,2002-2012,,Wagon,2XL,H3
Audi A4,Audi,A4,2003,,Convertible,3L-0,C2
Audi A4,Audi,A4,2009,,Sedan,3L,S2
Audi A4 allroad quattro,Audi,A4 allroad quattro,2013-2025,,Wagon,2XL,H3
Audi A4/S4,Audi,A4/S4,2000-2001,,Wagon,2L+,
Audi A4/S4,Audi,A4/S4,2000-2005,,Sedan,3M,S1
Audi A4/S4,Audi,A4/S4,2004-2008,,Wagon,2XL,H3
Audi A4/S4,Audi,A4/S4,2004-2009,,Convertible,3L-0,C2
Audi A4/S4,Audi,A4/S4,2006-2016,,Sedan,3L,S2
Audi A4/S4,Audi,A4/S4,2017-2025,,Sedan,4L,L2
Audi A4/S4/RS4,Audi,A4/S4/RS4,2007-2008,,Sedan,3L,S2
Audi A4/S4/RS4,Audi,A4/S4/RS4,2008,,Convertible,3L-0,C2
Audi A5/S5,Audi,A5/S5,2008-2024,,Convertible/Coupe,3L-0,C2
Audi A5/S5,Audi,A5/S5,2026,,Liftback,4L,L2
Audi A5/S5/RS5,Audi,A5/S5/RS5,2013-2024,,Convertible/Coupe,3L-0,C2
Audi A5/S5/RS5,Audi,A5/S5/RS5,2018-2025,,Liftback,4L,L2
Audi A6,Audi,A6,1998-2026,,Sedan,3XL,S3
Audi A6 allroad quattro,Audi,A6 allroad quattro,2001-2005,,Wagon,2XL,H3
Audi A6 allroad quattro,Audi,A6 allroad quattro,2020-2025,,Wagon,2XL+,
Audi A6 e-tron/S6 e-tron,Audi,A6 e-tron/S6 e-tron,2025,,Liftback,3XL,S3
Audi A6/RS6,Audi,A6/RS6,1998-2026,Incl: Avant,Wagon,2XL+,
Audi A6/S6,Audi,A6/S6,1995-2025,,Sedan,3XL,S3
Audi A6/S6,Audi,A6/S6,2001-2004,,Wagon,2XL+,
Audi A6/S6/RS6,Audi,A6/S6/RS6,2001-2004,,Sedan,3XL,S3
Audi A7/S7/RS7,Audi,A7/S7/RS7,2012-2025,,Liftback,3XL,S3
Audi A8/S8,Audi,A8/S8,1997-2003,,Sedan,3XL,S3
Audi A8/S8,Audi,A8/S8,2000-2010,LWB,Sedan,3XL+,
Audi A8/S8,Audi,A8/S8,2004-2018,,Sedan,3XL+,
Audi A8/S8,Audi,A8/S8,2011-2018,LWB,Sedan,3XXL,
Audi A8/S8,Audi,A8/S8,2019-2026,,Sedan,3XXL,
Audi Cabriolet,Audi,Cabriolet,1995-1998,,Convertible,3M-0,C1
Audi Q3,Audi,Q3,2015-2026,,SUV,YM,Y0
Audi Q4 e-tron,Audi,Q4 e-tron,2022-2026,Incl: Sportback,SUV,YM,Y0
Audi Q5,Audi,Q5,2009-2013,,SUV,YL,Y1
Audi Q5/SQ5,Audi,Q5/SQ5,2014-2026,Incl: Sportback,SUV,YL,Y1
Audi Q6/SQ6 e-tron,Audi,Q6/SQ6 e-tron,2025,Incl: Sportback,SUV,YL,Y1
Audi Q7,Audi,Q7,2007-2019,,SUV,YXXL,
Audi Q7/SQ7,Audi,Q7/SQ7,2020-2026,,SUV,YXXL,
Audi Q8,Audi,Q8,2019,,SUV,YXL,Y2
Audi Q8 e-tron/SQ8 e-tron,Audi,Q8 e-tron/SQ8 e-tron,2024-2025,Incl: Sportback,SUV,YXL,Y2
Audi Q8/SQ8/RS Q8,Audi,Q8/SQ8/RS Q8,2020-2026,,SUV,YXL,Y2
Audi R8/R8 GT,Audi,R8/R8 GT,2008-2023,Incl: Spyder,Convertible/Coupe,3M-0,C1
Audi RS7,Audi,RS7,2026,,Liftback,3XL,S3
Audi TT/TTS/TT RS,Audi,TT/TTS/TT RS,2000-2023,,Convertible/Coupe,3S-0,C0
Audi e-tron GT/RS e-tron GT,Audi,e-tron GT/RS e-tron GT,2022-2024,,Sedan,3XL,S3
Audi e-tron GT/S e-tron GT/RS e-tron GT,Audi,e-tron GT/S e-tron GT/RS e-tron GT,2025-2026,,Sedan,3XL,S3
Audi e-tron/S e-tron,Audi,e-tron/S e-tron,2019-2023,Sportback/SUV,SUV,YXL,Y2
BMW 1 Series,BMW,1 Series,2008-2013,,Convertible/Coupe,3M-0,C1
BMW 2 Series,BMW,2 Series,2014-2021,,Convertible/Coupe,3M-0,C1
BMW 2 Series,BMW,2 Series,2020-2026,Gran Coupe,Sedan,3M,S1
BMW 2 Series,BMW,2 Series,2022-2026,M2,Coupe,3L-0,C2
BMW 3 Series,BMW,3 Series,1977-2006,,Convertible/Coupe,3M-0,C1
BMW 3 Series,BMW,3 Series,1984-2011,,Sedan,3M,S1
BMW 3 Series,BMW,3 Series,2000-2005,,Wagon,2L+,
BMW 3 Series,BMW,3 Series,2007-2019,Incl: GT,Hatchback/Wagon,2XL,H3
BMW 3 Series,BMW,3 Series,2007-2013,,Convertible/Coupe,3L-0,C2
BMW 3 Series,BMW,3 Series,2012-2026,,Sedan,3L,S2
BMW 4 Series,BMW,4 Series,2014-2020,,Convertible/Coupe,3L-0,C2
BMW 4 Series,BMW,4 Series,2015-2020,Gran Coupe,Sedan,3L,S2
BMW 4 Series,BMW,4 Series,2021-2026,Gran Coupe/M4,Convertible/Coupe/Sedan,4L,L2
BMW 5 Series,BMW,5 Series,1975-1988,,Sedan,3L,S2
BMW 5 Series,BMW,5 Series,1989-1995,,Sedan,4L,L2
BMW 5 Series,BMW,5 Series,1992-2003,,Wagon,2XL,H3
BMW 5 Series,BMW,5 Series,1997-2003,,Sedan,3L,S2
BMW 5 Series,BMW,5 Series,2004-2010,,Sedan,4L,L2
BMW 5 Series,BMW,5 Series,2006-2010,,Wagon,2XL+,
BMW 5 Series,BMW,5 Series,2010-2016,GT,Sedan,3XL,S3
BMW 5 Series,BMW,5 Series,2011-2023,,Sedan,3XL,S3
BMW 5 Series,BMW,5 Series,2024-2026,Incl: M5,Sedan,3XL+,
BMW 6 Series,BMW,6 Series,1977-2010,,Convertible/Coupe,4L,L2
BMW 6 Series,BMW,6 Series,2012-2019,,Convertible/Coupe,3XL-0,C3
BMW 6 Series,BMW,6 Series,2013-2019,Gran Coupe,Sedan,3XL,S3
BMW 6 Series,BMW,6 Series,2018-2019,Incl: GT,Hatchback,2XXL,
BMW 7 Series,BMW,7 Series,1978-1994,,Sedan,4XL,L3
BMW 7 Series,BMW,7 Series,1995-2008,,Sedan,3XL+,
BMW 7 Series,BMW,7 Series,2009-2026,,Sedan,3XXL,
BMW 8 Series,BMW,8 Series,1991-1997,,Coupe,4L,L2
BMW 8 Series,BMW,8 Series,2019-2026,,Convertible/Coupe,3XL-0,C3
BMW 8 Series,BMW,8 Series,2020-2026,Gran Coupe,Sedan,3XL+,
BMW X1,BMW,X1,2013-2026,Incl: M35i,SUV,YM,Y0
BMW X2,BMW,X2,2018-2026,Incl: M35i,Crossover/SUV,YM,Y0
BMW X3,BMW,X3,2004-2010,,SUV,YM,Y0
BMW X3,BMW,X3,2011-2026,,SUV,YL,Y1
BMW X4,BMW,X4,2015-2025,,SUV,YL,Y1
BMW X5,BMW,X5,2000-2006,,SUV,YL,Y1
BMW X5,BMW,X5,2007-2026,,SUV,YXL,Y2
BMW X6,BMW,X6,2008-2026,,SUV,YXL,Y2
BMW X7,BMW,X7,2019-2026,Incl: M60i,SUV,YXXL,
BMW XM,BMW,XM,2023-2026,,SUV,YXXL,
BMW Z3,BMW,Z3,1996-2002,,Convertible/Coupe,3S-0,C0
BMW Z4,BMW,Z4,2003-2008,,Convertible,3S-0,C0
BMW Z4,BMW,Z4,2009-2026,,Convertible,3M-0,C1
BMW i3,BMW,i3,2014-2021,,Hatchback,2M,H1
BMW i4,BMW,i4,2022-2026,,Fastback,4L,L2
BMW i5,BMW,i5,2024-2026,,Sedan,3XL+,
BMW i7,BMW,i7,2023-2026,,Sedan,3XXL,
BMW i8,BMW,i8,2014-2020,,Convertible/Coupe,3L-0,C2
BMW iX,BMW,iX,2022-2026,,SUV,YXL,Y2
Buick Cascada,Buick,Cascada,2016-2019,,Convertible,3L-0,C2
Buick Century,Buick,Century,1954-1956,,Wagon,2XXL,
Buick Century,Buick,Century,1957,,Convertible,3XXL-0,
Buick Century,Buick,Century,1958-1977,,Wagon,无可用尺码,
Buick Century,Buick,Century,1978-1996,,Wagon,2XL+,
Buick Century,Buick,Century,1998-2005,,Sedan,3XL,S3
Buick Enclave,Buick,Enclave,2008-2024,,SUV,YXXL,
Buick Enclave,Buick,Enclave,2025-2026,,SUV,YXXL-545,Y4
Buick Encore,Buick,Encore,2013-2022,,SUV,YM,Y0
Buick Encore GX,Buick,Encore GX,2020-2026,,SUV,YM,Y0
Buick Envision,Buick,Envision,2016-2026,,SUV,YL,Y1
Buick Envista,Buick,Envista,2024-2026,,SUV,YL,Y1
Buick LaCrosse,Buick,LaCrosse,2005-2019,,Sedan,3XL,S3
Buick LeSabre,Buick,LeSabre,1959-1960,,Convertible/Sedan,4XXXL,
Buick LeSabre,Buick,LeSabre,1959-1985,,Wagon,无可用尺码,
Buick LeSabre,Buick,LeSabre,1961-1963,Incl: 2dr/4dr/4dr Hardtop,Convertible/Coupe/Sedan,4XXL,L4
Buick LeSabre,Buick,LeSabre,1964-1973,,Convertible/Coupe/Sedan,4XXXL,
Buick LeSabre,Buick,LeSabre,1974-1976,,Convertible/Coupe/Sedan,4XXXXL,
Buick LeSabre,Buick,LeSabre,1977-1985,,Coupe/Sedan,4XXXL,
Buick LeSabre,Buick,LeSabre,1986-1991,,Coupe/Sedan,4XL,L3
Buick LeSabre,Buick,LeSabre,1992-2005,,Sedan,4XXL,L4
Buick Lucerne,Buick,Lucerne,2006-2011,,Sedan,3XL+,
Buick Park Avenue,Buick,Park Avenue,1991-2005,,Sedan,4XXL,L4
Buick Rainier,Buick,Rainier,2004-2007,,SUV,YXL,Y2
Buick Reatta,Buick,Reatta,1988-1991,,Convertible/Coupe,3L-0,C2
Buick Regal,Buick,Regal,1973-1987,,Coupe,4XXL,L4
Buick Regal,Buick,Regal,1988-2004,,Coupe/Sedan,4XL,L3
Buick Regal,Buick,Regal,2011-2017,,Sedan,4L,L2
Buick Regal,Buick,Regal,2018-2020,,Wagon,2XL+,
Buick Regal,Buick,Regal,2018-2020,,Liftback,3XL,S3
Buick Rendezvous,Buick,Rendezvous,2002-2007,,Crossover,YL,Y1
Buick Riviera,Buick,Riviera,1963-1970,,Coupe,4XXL,L4
Buick Riviera,Buick,Riviera,1971-1973,,Coupe,4XXXL,
Buick Riviera,Buick,Riviera,1974,,Coupe,4XXXXL,
Buick Riviera,Buick,Riviera,1975-1978,,Coupe,4XXXL,
Buick Riviera,Buick,Riviera,1979-1985,,Coupe,4XXL,L4
Buick Riviera,Buick,Riviera,1986-1993,,Coupe,4XL,L3
Buick Riviera,Buick,Riviera,1996-1999,,Coupe,4XXL,L4
Buick Roadmaster,Buick,Roadmaster,1936-1941,,Convertible/Coupe/Sedan,4XXL,L4
Buick Roadmaster,Buick,Roadmaster,1942-1948,,Convertible/Coupe/Sedan,4XXXL,
Buick Roadmaster,Buick,Roadmaster,1949-1953,,Convertible/Coupe/Sedan,4XXL,L4
Buick Roadmaster,Buick,Roadmaster,1954,,Convertible/Coupe/Sedan,4XXXL,
Buick Roadmaster,Buick,Roadmaster,1955-1957,,Convertible/Coupe/Sedan,4XXL,L4
Buick Roadmaster,Buick,Roadmaster,1958,,Convertible/Coupe/Sedan,4XXXL,
Buick Roadmaster,Buick,Roadmaster,1991-1996,,Wagon,无可用尺码,
Buick Roadmaster,Buick,Roadmaster,1992-1996,,Sedan,4XXL,L4
Buick Skylark,Buick,Skylark,1953-1954,,Convertible,3XXL-0,
Buick Skylark,Buick,Skylark,1965-1979,,Convertible/Coupe/Sedan,4XXL,L4
Buick Skylark,Buick,Skylark,1969-1972,,Hatchback,无可用尺码,
Buick Skylark,Buick,Skylark,1975-1979,,Hatchback,2XXL,
Buick Skylark,Buick,Skylark,1980-1985,,Coupe/Sedan,4L,L2
Buick Skylark,Buick,Skylark,1986-1991,,Sedan,3L,S2
Buick Skylark,Buick,Skylark,1986-1991,,Coupe,3L-0,C2
Buick Skylark,Buick,Skylark,1992-1993,,Coupe/Sedan,4L,L2
Buick Skylark,Buick,Skylark,1994,,Sedan,3XL,S3
Buick Skylark,Buick,Skylark,1994,,Coupe,3XL-0,C3
Buick Skylark,Buick,Skylark,1995-1998,,Coupe/Sedan,4L,L2
Buick Verano,Buick,Verano,2012-2017,,Sedan,3L,S2
Cadillac ATS,Cadillac,ATS,2013-2019,,Sedan,3L,S2
Cadillac ATS,Cadillac,ATS,2015-2019,,Coupe,3L-0,C2
Cadillac CT4,Cadillac,CT4,2020-2026,,Sedan,4L,L2
Cadillac CT5,Cadillac,CT5,2020-2026,Incl: Blackwing,Sedan,3XL,S3
Cadillac CT6,Cadillac,CT6,2016-2018,Incl: PHEV,Sedan,3XL+,
Cadillac CT6,Cadillac,CT6,2019-2020,Incl: Blackwing,Sedan,3XXL,
Cadillac CTS,Cadillac,CTS,2003,,Sedan,4L,L2
Cadillac CTS,Cadillac,CTS,2004-2019,Incl: CTS-V,Sedan,3XL,S3
Cadillac CTS,Cadillac,CTS,2010-2014,,Wagon,2XL+,
Cadillac CTS,Cadillac,CTS,2011-2015,,Coupe,4L,L2
Cadillac Catera,Cadillac,Catera,1997-2001,,Sedan,3XL,S3
Cadillac DTS,Cadillac,DTS,2006-2011,,Sedan,3XXL,
Cadillac DTS-L,Cadillac,DTS-L,2007-2011,,Sedan,3XXL,
Cadillac DeVille,Cadillac,DeVille,1949-1950,,Coupe,4XXL,L4
Cadillac DeVille,Cadillac,DeVille,1951-1956,,Coupe/Sedan,4XXXL,
Cadillac DeVille,Cadillac,DeVille,1957,,Coupe,4XXL,L4
Cadillac DeVille,Cadillac,DeVille,1958-1960,,Coupe/Sedan,4XXXXL,
Cadillac DeVille,Cadillac,DeVille,1961-1967,,Convertible/Coupe/Sedan,4XXXL,
Cadillac DeVille,Cadillac,DeVille,1968-1976,,Coupe/Sedan,4XXXXL,
Cadillac DeVille,Cadillac,DeVille,1977-1984,,Coupe/Sedan,4XXXL,
Cadillac DeVille,Cadillac,DeVille,1985-1988,,Coupe/Sedan,4XL,L3
Cadillac DeVille,Cadillac,DeVille,1989-2005,,Coupe/Sedan,4XXL,L4
Cadillac ELR,Cadillac,ELR,2014-2016,,Coupe,3L-0,C2
Cadillac Eldorado,Cadillac,Eldorado,1953-1954,,Convertible,4XXXL,
Cadillac Eldorado,Cadillac,Eldorado,1955,,Convertible,4XXL,L4
Cadillac Eldorado,Cadillac,Eldorado,1956-1958,,Convertible/Coupe,4XXXL,
Cadillac Eldorado,Cadillac,Eldorado,1959-1960,,Coupe,4XXXXL,
Cadillac Eldorado,Cadillac,Eldorado,1961-1978,,Convertible/Coupe,4XXXL,
Cadillac Eldorado,Cadillac,Eldorado,1979-1985,,Convertible/Coupe,4XXL,L4
Cadillac Eldorado,Cadillac,Eldorado,1986-1988,,Coupe,4L,L2
Cadillac Eldorado,Cadillac,Eldorado,1989-1991,,Coupe,4XL,L3
Cadillac Eldorado,Cadillac,Eldorado,1992-2002,,Coupe,4XXL,L4
Cadillac Escalade,Cadillac,Escalade,1999-2020,,SUV,YXXL,
Cadillac Escalade,Cadillac,Escalade,2003-2026,ESV,SUV,YXXL-585,Y5
Cadillac Escalade,Cadillac,Escalade,2021-2026,,SUV,YXXL-545,Y4
Cadillac Lyriq,Cadillac,Lyriq,2023-2026,Incl: Lyriq-V,SUV,YXL,Y2
Cadillac Optiq,Cadillac,Optiq,2025-2026,,SUV,YL,Y1
Cadillac SRX,Cadillac,SRX,2004-2009,,Wagon,2XL+,
Cadillac SRX,Cadillac,SRX,2010-2016,,SUV,YL,Y1
Cadillac STS,Cadillac,STS,2005-2011,Incl: STS-V,Sedan,3XL,S3
Cadillac Seville,Cadillac,Seville,1976-1985,,Sedan,4XXL,L4
Cadillac Seville,Cadillac,Seville,1986-1991,Incl: STS,Sedan,4L,L2
Cadillac Seville,Cadillac,Seville,1992-2004,Incl: SLS/STS,Sedan,4XXL,L4
Cadillac Vistiq,Cadillac,Vistiq,2026,,SUV,YXXL,
Cadillac XLR,Cadillac,XLR,2004-2009,Incl: XLR-V,Convertible,3M-0,C1
Cadillac XT4,Cadillac,XT4,2019-2025,,SUV,YM,Y0
Cadillac XT5,Cadillac,XT5,2017-2026,,SUV,YL,Y1
Cadillac XT6,Cadillac,XT6,2020-2025,,SUV,YXXL,
Cadillac XTS,Cadillac,XTS,2015-2019,,Sedan,3XL+,
Chevrolet Astro,Chevrolet,Astro,1985-1994,,Wagon,2L+,
Chevrolet Astro,Chevrolet,Astro,1990-2005,LWB,Wagon,2XL,H3
Chevrolet Aveo,Chevrolet,Aveo,2004-2005,,Hatchback,2M,H1
Chevrolet Aveo,Chevrolet,Aveo,2004-2011,,Sedan,3M,S1
Chevrolet Aveo,Chevrolet,Aveo,2006,,Hatchback,2L+,
Chevrolet Aveo,Chevrolet,Aveo,2007-2011,,Hatchback,2M,H1
Chevrolet Bel Air,Chevrolet,Bel Air,1953-1957,,Convertible/Sedan,BEL-AIR-5357,
Chevrolet Bel Air,Chevrolet,Bel Air,1953-1955,,Coupe/Wagon,BEL-AIR-5357,
Chevrolet Bel Air,Chevrolet,Bel Air,1956,,Wagon,无可用尺码,
Chevrolet Bel Air,Chevrolet,Bel Air,1957,,Coupe/Wagon,BEL-AIR-5357,
Chevrolet Bel Air,Chevrolet,Bel Air,1958-1966,Incl: 2dr/4dr/Hardtop,Convertible/Coupe/Sedan,4XXL,L4
Chevrolet Bel Air,Chevrolet,Bel Air,1958-1969,Incl: Kingswood/Parkwood,Wagon,无可用尺码,
Chevrolet Bel Air,Chevrolet,Bel Air,1967-1969,,Sedan,4XXXL,
Chevrolet Bel Air,Chevrolet,Bel Air,1970,,Sedan,4XXL,L4
Chevrolet Bel Air,Chevrolet,Bel Air,1971-1975,,Sedan,4XXXL,
Chevrolet Beretta,Chevrolet,Beretta,1987-1996,,Coupe,4L,L2
Chevrolet Beretta,Chevrolet,Beretta,1992-1994,GT/GTZ,Coupe,3L-0,C2
Chevrolet Blazer,Chevrolet,Blazer,1969-1972,,SUV,YM,Y0
Chevrolet Blazer,Chevrolet,Blazer,1973-1994,,SUV,YL,Y1
Chevrolet Blazer,Chevrolet,Blazer,1995-1997,2dr/2dr Base 4WD/4dr/4dr LS 4WD,SUV,YM,Y0
Chevrolet Blazer,Chevrolet,Blazer,1998-2005,4dr,SUV,YL,Y1
Chevrolet Blazer,Chevrolet,Blazer,1998-2004,2dr,SUV,YM,Y0
Chevrolet Blazer,Chevrolet,Blazer,2019-2026,,SUV,YXL,Y2
Chevrolet Blazer EV,Chevrolet,Blazer EV,2024-2026,Incl: SS,Crossover,YXL,Y2
Chevrolet Bolt,Chevrolet,Bolt,2017-2027,,Hatchback,2L+,
Chevrolet Bolt EUV,Chevrolet,Bolt EUV,2022-2023,,SUV,YM,Y0
Chevrolet Camaro,Chevrolet,Camaro,1967-1969,,Convertible/Coupe,3L-0,C2
Chevrolet Camaro,Chevrolet,Camaro,1970-1981,,Coupe,3XL-0,C3
Chevrolet Camaro,Chevrolet,Camaro,1982-1984,,Coupe,4L,L2
Chevrolet Camaro,Chevrolet,Camaro,1985-2002,Incl: IROC-Z/Z28,Coupe,3XL-0,C3
Chevrolet Camaro,Chevrolet,Camaro,1987,IROC-Z,Convertible,4L,L2
Chevrolet Camaro,Chevrolet,Camaro,1988-2002,Incl: IROC-Z,Convertible,3XL-0,C3
Chevrolet Camaro,Chevrolet,Camaro,2010-2024,Incl: ZL1,Convertible/Coupe,4L,L2
Chevrolet Caprice,Chevrolet,Caprice,1966-1970,,Coupe/Sedan,4XXL,L4
Chevrolet Caprice,Chevrolet,Caprice,1966-1970,,Wagon,无可用尺码,
Chevrolet Caprice,Chevrolet,Caprice,1971-1976,,Convertible/Coupe,4XXXL,
Chevrolet Captiva,Chevrolet,Captiva,2012-2015,,SUV,YM,Y0
Chevrolet Cavalier,Chevrolet,Cavalier,1982-1990,,Sedan,3M,S1
Chevrolet Cavalier,Chevrolet,Cavalier,1983-1988,,Hatchback/Wagon,2L+,
Chevrolet Cavalier,Chevrolet,Cavalier,1983-1990,,Coupe,3M-0,C1
Chevrolet Cavalier,Chevrolet,Cavalier,1991-2005,,Convertible/Coupe,3L-0,C2
Chevrolet Cavalier,Chevrolet,Cavalier,1992-1994,,Wagon,2XL,H3
Chevrolet Cavalier,Chevrolet,Cavalier,1993-2004,,Sedan,3L,S2
Chevrolet Chevelle,Chevrolet,Chevelle,1964-1967,,Wagon,2XL+,
Chevrolet Chevelle,Chevrolet,Chevelle,1964-1967,,Convertible/Sedan,4XL,L3
Chevrolet Chevelle,Chevrolet,Chevelle,1964-1971,,Coupe,4XL,L3
Chevrolet Chevelle,Chevrolet,Chevelle,1968-1972,,Wagon,2XXL,
Chevrolet Chevelle,Chevrolet,Chevelle,1968-1972,,Convertible,4XL,L3
Chevrolet Chevelle,Chevrolet,Chevelle,1968-1977,,Sedan,4XXL,L4
Chevrolet Chevelle,Chevrolet,Chevelle,1973-1977,Incl: Laguna Type S-3,Coupe,4XXL,L4
Chevrolet Chevelle,Chevrolet,Chevelle,1973-1977,,Wagon,无可用尺码,
Chevrolet Chevy Van,Chevrolet,Chevy Van,1964-1996,Extended/G10 Regular/G10 Short/G20 Regular/G20 Short/G30 Extended/G30 Regular/G30 Short/G-Classic Extended/G-Classic Regular/Regular/Short,Wagon,数据不全,
Chevrolet City Express,Chevrolet,City Express,2015-2018,,Van,2XL,H3
Chevrolet Cobalt,Chevrolet,Cobalt,2005-2010,,Sedan,3L,S2
Chevrolet Cobalt,Chevrolet,Cobalt,2005-2010,Incl: SS,Coupe,3L-0,C2
Chevrolet Corsica,Chevrolet,Corsica,1987-1996,,Sedan,3L,S2
Chevrolet Corvette,Chevrolet,Corvette,1953-1967,,Convertible/Coupe,3M-0,C1
Chevrolet Corvette,Chevrolet,Corvette,1968-1982,,Convertible/Coupe,3L-0,C2
Chevrolet Corvette,Chevrolet,Corvette,1984-1996,Incl: ZR-1,Convertible/Coupe,3M-0,C1
Chevrolet Corvette,Chevrolet,Corvette,1997-2004,,Convertible/Coupe,3L-0,C2
Chevrolet Corvette,Chevrolet,Corvette,2005-2019,Incl: Z06/ZR1,Coupe,3M-0,C1
Chevrolet Corvette,Chevrolet,Corvette,2020-2026,Incl: ZR1,Coupe,4L,L2
Chevrolet Cruze,Chevrolet,Cruze,2011-2019,,Sedan,3L,S2
Chevrolet Cruze,Chevrolet,Cruze,2017-2019,,Hatchback,2L+,
Chevrolet Equinox,Chevrolet,Equinox,2005-2026,,SUV,YL,Y1
Chevrolet Equinox EV,Chevrolet,Equinox EV,2024,,SUV,YXL,Y2
Chevrolet Equinox EV,Chevrolet,Equinox EV,2025-2026,,SUV,YL,Y1
Chevrolet Express,Chevrolet,Express,2013-2023,Incl: Extended,Van,数据不全,
Chevrolet HHR,Chevrolet,HHR,2006-2011,Incl: Panel/Panel SS/SS,Wagon,2L+,
Chevrolet Impala,Chevrolet,Impala,1962-1968,,Wagon,无可用尺码,
Chevrolet Impala,Chevrolet,Impala,1973,,Coupe,4XXL,L4
Chevrolet Impala,Chevrolet,Impala,1974-1996,Incl: SS,Sedan,4XXL,L4
Chevrolet Impala,Chevrolet,Impala,1974-1976,,Convertible/Coupe,4XXXL,
Chevrolet Impala,Chevrolet,Impala,2014-2020,,Sedan,3XL+,
Chevrolet K5 Blazer,Chevrolet,K5 Blazer,1969-1972,,SUV,YM,Y0
Chevrolet K5 Blazer,Chevrolet,K5 Blazer,1973-1994,,SUV,YL,Y1
Chevrolet Lumina,Chevrolet,Lumina,1990-1994,,Sedan,3XL,S3
Chevrolet Lumina,Chevrolet,Lumina,1990-1994,,Coupe,3XL-0,C3
Chevrolet Lumina,Chevrolet,Lumina,1995-2001,,Sedan,3XL+,
Chevrolet Lumina APV,Chevrolet,Lumina APV,1990-1996,,Wagon,2XL+,
Chevrolet Malibu,Chevrolet,Malibu,1964-1974,,Wagon,2XL+,
Chevrolet Malibu,Chevrolet,Malibu,1964-1974,,Convertible/Coupe/Sedan,4XL,L3
Chevrolet Malibu,Chevrolet,Malibu,1975-1977,,Coupe/Sedan,4XXL,L4
Chevrolet Malibu,Chevrolet,Malibu,1975-1977,,Wagon,无可用尺码,
Chevrolet Malibu,Chevrolet,Malibu,1978-1983,,Wagon,2XL+,
Chevrolet Malibu,Chevrolet,Malibu,1978-1983,,Coupe/Sedan,4XL,L3
Chevrolet Malibu,Chevrolet,Malibu,1997-2007,,Sedan,4L,L2
Chevrolet Malibu,Chevrolet,Malibu,2008-2025,,Sedan,3XL,S3
Chevrolet Metro,Chevrolet,Metro,1998-2000,,Hatchback,2M,H1
Chevrolet Metro,Chevrolet,Metro,1998-2001,,Sedan,3S,S0
Chevrolet Monte Carlo,Chevrolet,Monte Carlo,1970-1988,Incl: SS,Coupe,4XXL,L4
Chevrolet Monte Carlo,Chevrolet,Monte Carlo,1995-1999,,Coupe,3XL+0,
Chevrolet Monte Carlo,Chevrolet,Monte Carlo,2000-2007,,Coupe,3XL-0,C3
Chevrolet Nova,Chevrolet,Nova,1962-1963,,Wagon,2XL,H3
Chevrolet Nova,Chevrolet,Nova,1962-1972,,Coupe/Sedan,4L,L2
Chevrolet Nova,Chevrolet,Nova,1964-1965,,Wagon,2XL+,
Chevrolet Nova,Chevrolet,Nova,1966-1972,,Hatchback/Wagon,2XL,H3
Chevrolet Nova,Chevrolet,Nova,1973-1979,,Hatchback,2XL+,
Chevrolet Nova,Chevrolet,Nova,1973-1979,,Coupe/Sedan,4XL,L3
Chevrolet Nova,Chevrolet,Nova,1985,,Sedan,3S,S0
Chevrolet Nova,Chevrolet,Nova,1986-1988,,Sedan,3M,S1
Chevrolet Nova,Chevrolet,Nova,1987-1988,,Hatchback,2L+,
Chevrolet Prizm,Chevrolet,Prizm,1998-2002,,Sedan,3M,S1
Chevrolet S-10 Blazer,Chevrolet,S-10 Blazer,1983-2005,Incl: 2dr/2dr 2WD/2dr 4WD/4dr 2WD,SUV,YM,Y0
Chevrolet S-10 Blazer,Chevrolet,S-10 Blazer,1995-2004,4dr,SUV,YL,Y1
Chevrolet SS,Chevrolet,SS,2014-2017,,Sedan,3XL,S3
Chevrolet Sonic,Chevrolet,Sonic,2012-2020,,Hatchback,2M,H1
Chevrolet Sonic,Chevrolet,Sonic,2012-2020,,Sedan,3M,S1
Chevrolet Spark,Chevrolet,Spark,2013-2022,,Hatchback,2M,H1
Chevrolet Suburban,Chevrolet,Suburban,1935-1940,,SUV,YM,Y0
Chevrolet Suburban,Chevrolet,Suburban,1941-1946,,SUV,YXXL,
Chevrolet Suburban,Chevrolet,Suburban,1947-1954,,SUV,YL,Y1
Chevrolet Suburban,Chevrolet,Suburban,1955-1969,,SUV,YXXL,
Chevrolet Suburban,Chevrolet,Suburban,1970-1972,,SUV,YXXL-545,Y4
Chevrolet Suburban,Chevrolet,Suburban,1973-2026,,SUV,YXXL-585,Y5
Chevrolet Tahoe,Chevrolet,Tahoe,1995-1999,2dr 4WD,SUV,YL,Y1
Chevrolet Tahoe,Chevrolet,Tahoe,1995-2020,Incl: 4dr 2WD,SUV,YXXL,
Chevrolet Tahoe,Chevrolet,Tahoe,2021-2026,,SUV,YXXL-545,Y4
Chevrolet Tracker,Chevrolet,Tracker,1998-2004,2dr,SUV,无可用尺码,
Chevrolet Tracker,Chevrolet,Tracker,1999,4dr,SUV,无可用尺码,
Chevrolet Tracker,Chevrolet,Tracker,2000-2004,4dr,SUV,YM,Y0
Chevrolet Trailblazer,Chevrolet,Trailblazer,2002-2009,Incl: SS,SUV,YXL,Y2
Chevrolet Trailblazer,Chevrolet,Trailblazer,2021-2026,,SUV,YM,Y0
Chevrolet Traverse,Chevrolet,Traverse,2009-2026,Incl: Limited,SUV,YXXL,
Chevrolet Trax,Chevrolet,Trax,2015-2026,,SUV,YM,Y0
Chevrolet Uplander,Chevrolet,Uplander,2005-2008,LWB,Wagon,2XXL,
Chevrolet Uplander,Chevrolet,Uplander,2006-2008,,Wagon,2XL+,
Chevrolet Venture,Chevrolet,Venture,1997-2004,,Wagon,2XL,H3
Chevrolet Venture,Chevrolet,Venture,1997-2005,LWB,Wagon,2XXL,
Chevrolet Volt,Chevrolet,Volt,2011-2015,,Hatchback,2L+,
Chevrolet Volt,Chevrolet,Volt,2016-2019,,Hatchback,2XL,H3
Chrysler 200,Chrysler,200,2011-2017,,Sedan,3XL,S3
Chrysler 200,Chrysler,200,2011-2014,,Convertible,3XL-0,C3
Chrysler 200 Series,Chrysler,200 Series,2011-2017,,Sedan,3XL,S3
Chrysler 200 Series,Chrysler,200 Series,2011-2014,,Convertible,3XL-0,C3
Chrysler 300,Chrysler,300,2005-2023,,Sedan,3XL,S3
Chrysler 300 series,Chrysler,300 series,1999-2023,Incl: 300M,Sedan,3XL,S3
Chrysler 300M,Chrysler,300M,1999-2004,,Sedan,3XL,S3
Chrysler Aspen,Chrysler,Aspen,2007-2009,,SUV,YXXL,
Chrysler Cirrus,Chrysler,Cirrus,1995-1997,,Sedan,3L,S2
Chrysler Cirrus,Chrysler,Cirrus,1998-2000,,Sedan,4L,L2
Chrysler Concorde,Chrysler,Concorde,1993-1997,,Sedan,3XL+,
Chrysler Concorde,Chrysler,Concorde,1998-2004,,Sedan,3XXL,
Chrysler Crossfire,Chrysler,Crossfire,2004-2008,,Convertible/Coupe,3S-0,C0
Chrysler LHS,Chrysler,LHS,1994-2001,,Sedan,3XXL,
Chrysler PT Cruiser,Chrysler,PT Cruiser,2001-2010,,Wagon,2L+,
Chrysler Pacifica,Chrysler,Pacifica,2004-2008,,Crossover,YXXL,
Chrysler Pacifica,Chrysler,Pacifica,2017-2026,,MPV,2XXL,
Chrysler Sebring,Chrysler,Sebring,1995-1996,,Coupe,4L,L2
Chrysler Sebring,Chrysler,Sebring,1996-2010,,Convertible,3XL-0,C3
Chrysler Sebring,Chrysler,Sebring,1997-2000,,Coupe,3XL-0,C3
Chrysler Sebring,Chrysler,Sebring,2001-2002,,Coupe,4L,L2
Chrysler Sebring,Chrysler,Sebring,2001-2010,,Sedan,4L,L2
Chrysler Sebring,Chrysler,Sebring,2003-2005,,Coupe,3XL-0,C3
Chrysler Town & Country,Chrysler,Town & Country,1990-2000,,MPV,2XL+,
Chrysler Town & Country,Chrysler,Town & Country,2001-2016,,MPV,2XXL,
Chrysler Voyager,Chrysler,Voyager,2000-2003,,MPV,2XL,H3
Chrysler Voyager,Chrysler,Voyager,2020-2026,,MPV,2XXL,
Dodge Avenger,Dodge,Avenger,1995-2000,,Coupe,4L,L2
Dodge Avenger,Dodge,Avenger,2008-2014,,Sedan,3XL,S3
Dodge Caliber,Dodge,Caliber,2007-2012,,Hatchback,2L+,
Dodge Caravan,Dodge,Caravan,1984-1990,SWB,MPV,2L+,
Dodge Caravan,Dodge,Caravan,1987-1995,Grand Caravan,MPV,2XL+,
Dodge Caravan,Dodge,Caravan,1991-2007,SWB,MPV,2XL,H3
Dodge Caravan,Dodge,Caravan,2008-2020,LWB,MPV,2XXL,
Dodge Challenger,Dodge,Challenger,1970-2023,Incl: Widebody,Coupe,CHALLENGER,
Dodge Charger,Dodge,Charger,1966-1978,,Coupe,4XXL,L4
Dodge Charger,Dodge,Charger,1982-1987,,Hatchback,2L+,
Dodge Charger,Dodge,Charger,2006-2014,,Sedan,3XL+,
Dodge Charger,Dodge,Charger,2015-2023,,Sedan,3XL,S3
Dodge Charger,Dodge,Charger,2024-2026,,Sedan,3XXL,
Dodge Charger,Dodge,Charger,2024-2026,,Coupe,3XXL-0,
Dodge Dart,Dodge,Dart,2013-2016,,Sedan,3L,S2
Dodge Daytona,Dodge,Daytona,1984-1986,,Hatchback,2L+,
Dodge Daytona,Dodge,Daytona,1987-1993,,Hatchback,2XL,H3
Dodge Durango,Dodge,Durango,1998-2003,,SUV,YXL,Y2
Dodge Durango,Dodge,Durango,2004-2026,Incl: Hellcat/SRT,SUV,YXXL,
Dodge Hornet,Dodge,Hornet,2023-2025,,Crossover,YM,Y0
Dodge Intrepid,Dodge,Intrepid,1993-2004,,Sedan,3XL+,
Dodge Journey,Dodge,Journey,2009-2020,,Crossover/SUV,YXL,Y2
Dodge Magnum,Dodge,Magnum,2005-2008,,Wagon,2XL+,
Dodge Neon,Dodge,Neon,1995-2005,,Sedan,3M,S1
Dodge Nitro,Dodge,Nitro,2007-2010,,SUV,YM,Y0
Dodge Ramcharger,Dodge,Ramcharger,1974-1993,2WD/4WD,SUV,YL,Y1
Dodge Stealth,Dodge,Stealth,1991-1996,R/T Turbo,Coupe,3L-0,C2
Dodge Stratus,Dodge,Stratus,1995-2000,,Sedan,3L,S2
Dodge Stratus,Dodge,Stratus,2001-2006,,Sedan,3XL,S3
Dodge Viper,Dodge,Viper,1992-2017,Incl: ACR/GTS,Convertible/Coupe/Roadster,3M-0,C1
FIAT 500L,FIAT,500L,2014-2020,,Wagon,2L+,
Fiat 124 Spider,Fiat,124 Spider,2017-2020,Abarth,Convertible,3S-0,C0
Fiat 500,Fiat,500,2012-2019,,Hatchback,2M,H1
Fiat 500,Fiat,500,2012-2019,Incl: Abarth,Convertible,无可用尺码,
Fiat 500X,Fiat,500X,2016-2023,,SUV,YM,Y0
Ford Bronco,Ford,Bronco,1966-1977,2dr,SUV,无可用尺码,
Ford Bronco,Ford,Bronco,1978-1991,2dr,SUV,YM,Y0
Ford Bronco,Ford,Bronco,1992-1996,2dr,SUV,YL,Y1
Ford Bronco,Ford,Bronco,2021-2026,4dr,SUV,YL,Y1
Ford Bronco,Ford,Bronco,2022-2026,2dr,SUV,YM,Y0
Ford Bronco,Ford,Bronco,2022-2026,4dr Raptor,SUV,YXL,Y2
Ford Bronco Sport,Ford,Bronco Sport,2021-2026,4dr/4dr Badlands,SUV,YM,Y0
Ford C-MAX,Ford,C-MAX,2013-2018,Incl: PHEV,Hatchback,2L+,
Ford Crown Victoria,Ford,Crown Victoria,1983-2011,,Sedan,4XXL,L4
Ford EcoSport,Ford,EcoSport,2018-2022,,SUV,YM,Y0
Ford Edge,Ford,Edge,2007-2024,,SUV,YL,Y1
Ford Escape,Ford,Escape,2001-2026,,SUV,YM,Y0
Ford Escort,Ford,Escort,1981-1999,,Hatchback/Wagon,2L+,
Ford Escort,Ford,Escort,1981-2002,,Sedan,3M,S1
Ford Escort,Ford,Escort,1998-2003,ZX2,Coupe,3M-0,C1
Ford Excursion,Ford,Excursion,2000-2005,,SUV,YXXL-585,Y5
Ford Expedition,Ford,Expedition,1997-2017,,SUV,YXXL,
Ford Expedition,Ford,Expedition,2007-2026,EL/MAX,SUV,YXXL-585,Y5
Ford Expedition,Ford,Expedition,2018-2026,Incl: Tremor,SUV,YXXL-545,Y4
Ford Explorer,Ford,Explorer,1991-2001,,SUV,YM,Y0
Ford Explorer,Ford,Explorer,2002,,SUV,YXL,Y2
Ford Explorer,Ford,Explorer,2003-2005,,SUV,YL,Y1
Ford Explorer,Ford,Explorer,2006-2015,,SUV,YXL,Y2
Ford Explorer,Ford,Explorer,2016-2025,Incl: Timberline,SUV,YXXL,
Ford Fiesta,Ford,Fiesta,2011-2019,Incl: ST,Hatchback,2M,H1
Ford Fiesta,Ford,Fiesta,2011-2019,,Sedan,3M,S1
Ford Five Hundred,Ford,Five Hundred,2005-2007,,Sedan,3XL+,
Ford Flex,Ford,Flex,2009-2019,,Crossover,YXXL,
Ford Focus,Ford,Focus,2000-2018,Incl: RS/ZX3/ZX5,Hatchback,2L+,
Ford Focus,Ford,Focus,2000-2007,,Wagon,2XL,H3
Ford Focus,Ford,Focus,2000-2018,,Sedan,3M,S1
Ford Focus,Ford,Focus,2008-2011,,Coupe,3M-0,C1
Ford Freestyle,Ford,Freestyle,2005-2007,,Crossover,YXXL,
Ford Fusion,Ford,Fusion,2006-2012,,Sedan,4L,L2
Ford Fusion,Ford,Fusion,2013-2020,,Sedan,3XL,S3
Ford GT,Ford,GT,2005-2006,,Coupe,3L-0,C2
Ford GT,Ford,GT,2017-2022,,Coupe,4L,L2
Ford Mustang,Ford,Mustang,1965-1968,,Convertible/Coupe/Fastback,3L-0,C2
Ford Mustang,Ford,Mustang,1969-1972,Incl: Hardtop/SportsRoof,Convertible/Coupe/Fastback,4L,L2
Ford Mustang,Ford,Mustang,1973,,Convertible/Coupe/Fastback,3XL-0,C3
Ford Mustang,Ford,Mustang,1974-1978,,Hatchback,2L+,
Ford Mustang,Ford,Mustang,1974-1986,,Coupe,3M-0,C1
Ford Mustang,Ford,Mustang,1979-1993,,Hatchback,2XL,H3
Ford Mustang,Ford,Mustang,1984-2004,Mach 1/Notchback/SVO/SVT Cobra,Coupe,3L-0,C2
Ford Mustang,Ford,Mustang,1987-2004,,Convertible/Coupe,3L-0,C2
Ford Mustang,Ford,Mustang,2005-2026,Incl: Dark Horse,Convertible/Coupe,4L,L2
Ford Mustang Mach-E,Ford,Mustang Mach-E,2021-2026,Incl: Rally,Crossover/SUV,YL,Y1
Ford Taurus,Ford,Taurus,1986-2005,,Wagon,2XL+,
Ford Taurus,Ford,Taurus,1986-1991,,Sedan,4L,L2
Ford Taurus,Ford,Taurus,1992-2007,,Sedan,3XL,S3
Ford Taurus,Ford,Taurus,2008-2019,Incl: SHO,Sedan,3XL+,
Ford Thunderbird,Ford,Thunderbird,1955,,Convertible,3M-0,C1
Ford Thunderbird,Ford,Thunderbird,1956-1957,,Convertible,3L-0,C2
Ford Thunderbird,Ford,Thunderbird,1958-1976,Incl: 2dr Hardtop/4dr Landau/Landau,Convertible/Coupe/Sedan,4XXL,L4
Ford Thunderbird,Ford,Thunderbird,1977-1979,,Coupe,4XXXL,
Ford Thunderbird,Ford,Thunderbird,1980-1982,,Coupe,4XXL,L4
Ford Thunderbird,Ford,Thunderbird,1983-1993,,Coupe,3XL-0,C3
Ford Thunderbird,Ford,Thunderbird,1996-1997,,Coupe,3XL+0,
Ford Thunderbird,Ford,Thunderbird,2002-2005,,Coupe,3L-0,C2
GMC Acadia,GMC,Acadia,2007-2016,,SUV,YXXL,
GMC Acadia,GMC,Acadia,2017-2023,,SUV,YXL,Y2
GMC Acadia,GMC,Acadia,2017,Limited,SUV,YXXL,
GMC Acadia,GMC,Acadia,2024-2026,,SUV,YXXL,
GMC Envoy,GMC,Envoy,2002-2009,,SUV,YXL,Y2
GMC Hummer SUV,GMC,Hummer SUV,2024-2026,,SUV,YXXL,
GMC Jimmy,GMC,Jimmy,1983-2001,Incl: 2dr,SUV,YM,Y0
GMC Jimmy,GMC,Jimmy,1991-1994,4dr,SUV,YM,Y0
GMC Jimmy,GMC,Jimmy,1995-2000,4dr,SUV,YL,Y1
GMC Terrain,GMC,Terrain,2010-2017,,SUV,YL,Y1
GMC Terrain,GMC,Terrain,2018-2026,,SUV,YM,Y0
GMC Yukon,GMC,Yukon,1992-1997,2dr,SUV,YL,Y1
GMC Yukon,GMC,Yukon,1995-2020,Incl: 4dr,SUV,YXXL,
GMC Yukon,GMC,Yukon,2021-2026,,SUV,YXXL-545,Y4
GMC Yukon XL,GMC,Yukon XL,2000-2026,,SUV,YXXL-585,Y5
Genesis EQ900,Genesis,EQ900,2017-2026,G90,Sedan,3XXL,
Genesis G70,Genesis,G70,2019-2026,,Sedan,3L,S2
Genesis G80,Genesis,G80,2017-2026,Incl: Sport,Sedan,3XL,S3
Genesis G90,Genesis,G90,2017-2026,,Sedan,3XXL,
Genesis GV60,Genesis,GV60,2023-2026,,SUV,YM,Y0
Genesis GV70,Genesis,GV70,2022-2026,,SUV,YL,Y1
Genesis GV80,Genesis,GV80,2021-2026,,SUV,YXL,Y2
Honda Accord,Honda,Accord,1976-1981,,Hatchback,2M,H1
Honda Accord,Honda,Accord,1979-1985,,Sedan,3M,S1
Honda Accord,Honda,Accord,1982-1989,,Hatchback,2L+,
Honda Accord,Honda,Accord,1986-1993,,Sedan,3L,S2
Honda Accord,Honda,Accord,1988-1997,,Coupe,3L-0,C2
Honda Accord,Honda,Accord,1990-1997,,Wagon,2XL,H3
Honda Accord,Honda,Accord,1994-2002,,Sedan,4L,L2
Honda Accord,Honda,Accord,1998-2007,,Coupe,4L,L2
Honda Accord,Honda,Accord,2003-2026,,Sedan,3XL,S3
Honda Accord,Honda,Accord,2008-2012,,Coupe,3XL-0,C3
Honda Accord,Honda,Accord,2013-2017,,Coupe,4L,L2
Honda CR-V,Honda,CR-V,1997-2022,,SUV,YM,Y0
Honda CR-V,Honda,CR-V,2023-2026,,SUV,YL,Y1
Honda CR-Z,Honda,CR-Z,2011-2016,,Hatchback,2M,H1
Honda Civic,Honda,Civic,1973-1983,,Wagon,2M,H1
Honda Civic,Honda,Civic,1973-1987,,Sedan,3S,S0
Honda Civic,Honda,Civic,1980-1995,,Hatchback,2M,H1
Honda Civic,Honda,Civic,1984-1987,,Wagon,2L+,
Honda Civic,Honda,Civic,1988-1991,,Wagon,2M,H1
Honda Civic,Honda,Civic,1988-2015,,Sedan,3M,S1
Honda Civic,Honda,Civic,1988-1991,CRX,Coupe,3S-0,C0
Honda Civic,Honda,Civic,1992-2020,,Coupe,3M-0,C1
Honda Civic,Honda,Civic,1996-2021,,Hatchback,2L+,
Honda Civic,Honda,Civic,2016-2026,,Sedan,3L,S2
Honda Civic,Honda,Civic,2017-2026,Type R,Hatchback,2XL,H3
Honda Civic,Honda,Civic,2022-2026,,Hatchback,2XL,H3
Honda Clarity,Honda,Clarity,2017-2021,,Sedan,3XL,S3
Honda Clarity Plug In,Honda,Clarity Plug In,2018-2021,,Sedan,3XL,S3
Honda Crosstour,Honda,Crosstour,2010-2015,,Hatchback,2XL+,
Honda Element,Honda,Element,2003-2009,,Crossover,YM,Y0
Honda Fit,Honda,Fit,2007-2020,,Hatchback,2M,H1
Honda HR-V,Honda,HR-V,2016-2026,,SUV,YM,Y0
Honda Insight,Honda,Insight,2000-2006,,Hatchback,2M,H1
Honda Insight,Honda,Insight,2010-2014,,Hatchback,2L+,
Honda Insight,Honda,Insight,2019-2022,,Sedan,3L,S2
Honda Odyssey,Honda,Odyssey,1995-1998,,MPV,2XL,H3
Honda Odyssey,Honda,Odyssey,1999-2026,,MPV,2XXL,
Honda Passport,Honda,Passport,1994-2002,,SUV,YM,Y0
Honda Passport,Honda,Passport,2019-2025,,SUV,YL,Y1
Honda Passport,Honda,Passport,2026,,SUV,YXL,Y2
Honda Pilot,Honda,Pilot,2003-2008,,SUV,YL,Y1
Honda Pilot,Honda,Pilot,2009-2022,,SUV,YXL,Y2
Honda Pilot,Honda,Pilot,2023-2026,Incl: TrailSport,SUV,YXXL,
Honda Prelude,Honda,Prelude,1979-1982,,Coupe,3S-0,C0
Honda Prelude,Honda,Prelude,1983-2026,,Coupe,3M-0,C1
Honda Prologue,Honda,Prologue,2024-2026,,SUV,YXL,Y2
Honda S2000,Honda,S2000,2000-2009,,Convertible,3S-0,C0
Hyundai Accent,Hyundai,Accent,1995-1999,,Hatchback,2M,H1
Hyundai Accent,Hyundai,Accent,1995-1999,,Sedan,3S,S0
Hyundai Accent,Hyundai,Accent,2000-2005,,Hatchback,2L+,
Hyundai Accent,Hyundai,Accent,2000-2022,,Sedan,3M,S1
Hyundai Accent,Hyundai,Accent,2006-2017,,Hatchback,2M,H1
Hyundai Azera,Hyundai,Azera,2006-2017,,Sedan,3XL,S3
Hyundai Elantra,Hyundai,Elantra,1992-2016,,Sedan,3M,S1
Hyundai Elantra,Hyundai,Elantra,1996-2020,,Hatchback/Wagon,2L+,
Hyundai Elantra,Hyundai,Elantra,2017-2026,,Sedan,3L,S2
Hyundai Elantra GT,Hyundai,Elantra GT,2013-2020,,Hatchback,2L+,
Hyundai Elantra Tour,Hyundai,Elantra Tour,2009-2012,,Wagon,2L+,
Hyundai Equus,Hyundai,Equus,2011-2016,,Sedan,3XL+,
Hyundai Genesis,Hyundai,Genesis,2009-2016,Incl: 5.0 R-Spec,Sedan,3XL,S3
Hyundai IONIQ 5,Hyundai,IONIQ 5,2022-2026,Incl: N,SUV,YL,Y1
Hyundai IONIQ 6,Hyundai,IONIQ 6,2023-2026,Incl: N,Sedan,3XL,S3
Hyundai Ioniq,Hyundai,Ioniq,2017-2022,,Hatchback,2L+,
Hyundai Ioniq 9,Hyundai,Ioniq 9,2026,,SUV,YXXL,
Hyundai Kona,Hyundai,Kona,2019-2026,,Crossover,YM,Y0
Hyundai Nexo,Hyundai,Nexo,2019-2024,,SUV,YL,Y1
Hyundai Palisade,Hyundai,Palisade,2020-2025,,SUV,YXL,Y2
Hyundai Palisade,Hyundai,Palisade,2026,,SUV,YXXL,
Hyundai Santa Fe,Hyundai,Santa Fe,2001-2006,,SUV,YM,Y0
Hyundai Santa Fe,Hyundai,Santa Fe,2007-2026,Incl: Sport,SUV,YL,Y1
Hyundai Santa Fe,Hyundai,Santa Fe,2013-2019,XL,SUV,YXL,Y2
Hyundai Sonata,Hyundai,Sonata,1989-1993,,Sedan,4L,L2
Hyundai Sonata,Hyundai,Sonata,1994-2002,,Sedan,3L,S2
Hyundai Sonata,Hyundai,Sonata,2003-2014,,Sedan,4L,L2
Hyundai Sonata,Hyundai,Sonata,2015-2026,,Sedan,3XL,S3
Hyundai Tiburon,Hyundai,Tiburon,1997-2008,,Coupe,3M-0,C1
Hyundai Tucson,Hyundai,Tucson,2005-2024,,SUV,YM,Y0
Hyundai Tucson,Hyundai,Tucson,2025-2026,,SUV,YL,Y1
Hyundai Veloster,Hyundai,Veloster,2012-2022,Incl: N/Turbo,Hatchback,2L+,
Hyundai Venue,Hyundai,Venue,2020-2026,,SUV,无可用尺码,
Hyundai Veracruz,Hyundai,Veracruz,2007-2012,,SUV,YL,Y1
Hyundai XG,Hyundai,XG,2001-2005,,Sedan,3XL,S3
Ineos Automotive Grenadier,Ineos Automotive,Grenadier,2024-2026,,SUV,YXL,Y2
Infiniti EX,Infiniti,EX,2008-2013,EX35/EX37,SUV,YM,Y0
Infiniti FX,Infiniti,FX,2003-2008,,Crossover,YL,Y1
Infiniti FX,Infiniti,FX,2009-2013,,Crossover,YXL,Y2
Infiniti G,Infiniti,G,1991-2002,,Sedan,3M,S1
Infiniti G,Infiniti,G,2003-2006,,Sedan,3L,S2
Infiniti G,Infiniti,G,2003-2013,,Convertible/Coupe,3L-0,C2
Infiniti G,Infiniti,G,2007-2013,,Sedan,4L,L2
Infiniti I,Infiniti,I,1996-1999,,Sedan,4L,L2
Infiniti I,Infiniti,I,2000-2004,,Sedan,3XL,S3
Infiniti JX,Infiniti,JX,2013,,Crossover,YXL,Y2
Infiniti M,Infiniti,M,1990-1992,,Convertible/Coupe,4L,L2
Infiniti M,Infiniti,M,2003-2013,,Sedan,3XL,S3
Infiniti Q40,Infiniti,Q40,2015,,Sedan,4L,L2
Infiniti Q45,Infiniti,Q45,1990-2006,,Sedan,3XL+,
Infiniti Q50,Infiniti,Q50,2014-2024,Incl: Red Sport,Sedan,4L,L2
Infiniti Q60,Infiniti,Q60,2014-2022,Incl: Red Sport,Convertible/Coupe,3L-0,C2
Infiniti Q70,Infiniti,Q70,2014-2019,,Sedan,3XL,S3
Infiniti Q70L,Infiniti,Q70L,2015-2019,,Sedan,3XL+,
Infiniti QX30,Infiniti,QX30,2017-2019,,SUV,YM,Y0
Infiniti QX4,Infiniti,QX4,1997-2003,,SUV,YL,Y1
Infiniti QX50,Infiniti,QX50,2014-2015,,SUV,YM,Y0
Infiniti QX50,Infiniti,QX50,2016-2025,,SUV,YL,Y1
Infiniti QX55,Infiniti,QX55,2022-2025,,SUV,YL,Y1
Infiniti QX56,Infiniti,QX56,2004-2013,,SUV,YXXL-545,Y4
Infiniti QX60,Infiniti,QX60,2014-2016,,SUV,YXL,Y2
Infiniti QX60,Infiniti,QX60,2017-2026,,SUV,YXXL,
Infiniti QX70,Infiniti,QX70,2014-2017,,Crossover,YXL,Y2
Infiniti QX80,Infiniti,QX80,2014-2026,,SUV,YXXL-545,Y4
Jaguar E-Pace,Jaguar,E-Pace,2018-2024,,SUV,YM,Y0
Jaguar F-Pace,Jaguar,F-Pace,2017-2023,,SUV,YL,Y1
Jaguar F-Type,Jaguar,F-Type,2014-2024,Incl: P450/P575/R/R75/SVR/V6/V8 S,Convertible/Coupe,3M-0,C1
Jaguar I-Pace,Jaguar,I-Pace,2019-2024,,SUV,YL,Y1
Jaguar S-Type,Jaguar,S-Type,2000-2008,,Sedan,3XL,S3
Jaguar X-Type,Jaguar,X-Type,2002-2008,,Sedan,3L,S2
Jaguar X-Type,Jaguar,X-Type,2005-2008,,Wagon,2XL,H3
Jaguar XE,Jaguar,XE,2017-2020,,Sedan,3L,S2
Jaguar XF,Jaguar,XF,2009-2024,,Sedan,3XL,S3
Jaguar XF,Jaguar,XF,2018-2020,Sportbrake,Wagon,2XL+,
Jaguar XJ,Jaguar,XJ,1979-1992,,Sedan,3XL+,
Jaguar XJ,Jaguar,XJ,1988-1994,,Sedan,4XL,L3
Jaguar XJ,Jaguar,XJ,1995-2003,SWB,Sedan,3XL,S3
Jaguar XJ,Jaguar,XJ,1995-2003,LWB,Sedan,3XL+,
Jaguar XJ,Jaguar,XJ,2004-2019,SWB,Sedan,3XL+,
Jaguar XJ,Jaguar,XJ,2004-2019,LWB,Sedan,3XXL,
Jaguar XJS,Jaguar,XJS,1976-1996,,Convertible/Coupe,3XL-0,C3
Jaguar XK,Jaguar,XK,1997-2015,Incl: XKR/XKR-S,Convertible/Coupe,4L,L2
Jeep Cherokee,Jeep,Cherokee,1974-1983,,SUV,YL,Y1
Jeep Cherokee,Jeep,Cherokee,1984-2023,,SUV,YM,Y0
Jeep Cherokee,Jeep,Cherokee,2026,,SUV,YL,Y1
Jeep Commander,Jeep,Commander,2006-2010,,SUV,YL,Y1
Jeep Compass,Jeep,Compass,2007-2026,,SUV,YM,Y0
Jeep Grand Cherokee,Jeep,Grand Cherokee,1993-2004,,SUV,YM,Y0
Jeep Grand Cherokee,Jeep,Grand Cherokee,2005-2021,,SUV,YL,Y1
Jeep Grand Cherokee,Jeep,Grand Cherokee,2014-2021,SRT,SUV,YXL,Y2
Jeep Grand Cherokee,Jeep,Grand Cherokee,2021-2026,L,SUV,YXXL,
Jeep Grand Cherokee,Jeep,Grand Cherokee,2022-2026,,SUV,YXL,Y2
Jeep Grand Wagoneer,Jeep,Grand Wagoneer,1984-1991,,SUV,YL,Y1
Jeep Grand Wagoneer,Jeep,Grand Wagoneer,2022-2026,,SUV,YXXL-545,Y4
Jeep Grand Wagoneer,Jeep,Grand Wagoneer,2023-2026,L,SUV,YXXL-585,Y5
Jeep Liberty,Jeep,Liberty,2002-2012,,SUV,YM,Y0
Jeep Patriot,Jeep,Patriot,2007-2017,,SUV,YM,Y0
Jeep Renegade,Jeep,Renegade,2015-2023,,SUV,YM,Y0
Jeep Wagoneer,Jeep,Wagoneer,1963-1991,,SUV,YL,Y1
Jeep Wagoneer,Jeep,Wagoneer,2023-2025,,SUV,YXXL-545,Y4
Jeep Wagoneer,Jeep,Wagoneer,2023-2025,L,SUV,YXXL-585,Y5
Jeep Wagoneer S,Jeep,Wagoneer S,2025-2026,,SUV,YXL,Y2
Jeep Wrangler,Jeep,Wrangler,1987-2012,2dr/2dr Rubicon,SUV,无可用尺码,
Jeep Wrangler,Jeep,Wrangler,2004-2012,2dr Unlimited/2dr Unlimited Rubicon/4dr Unlimited,SUV,YM,Y0
Jeep Wrangler,Jeep,Wrangler,2013-2026,4dr Rubicon/4dr Unlimited,SUV,YL,Y1
Jeep Wrangler,Jeep,Wrangler,2013-2026,2dr/2dr Xtreme,SUV,YM,Y0
Jeep Wrangler,Jeep,Wrangler,2024-2026,4dr Xtreme,SUV,YXL,Y2
Karma Automotive GS-6,Karma Automotive,GS-6,2021-2022,,Sedan,3XL+,
Karma Automotive Revero,Karma Automotive,Revero,2017-2020,GT/GTS,Sedan,3XL,S3
Karma Automotive Revero,Karma Automotive,Revero,2021-2025,Incl: GT/GTS,Sedan,3XL+,
Kia Amanti,Kia,Amanti,2004-2009,,Sedan,3XL,S3
Kia Borrego,Kia,Borrego,2009,,SUV,YXL,Y2
Kia Cadenza,Kia,Cadenza,2014-2020,,Sedan,3XL,S3
Kia Carnival,Kia,Carnival,2002-2005,Sedona SWB,MPV,2XL+,
Kia Carnival,Kia,Carnival,2007,Sedona SWB,MPV,2XL,H3
Kia Carnival,Kia,Carnival,2007-2026,Incl: Sedona/Sedona LWB,MPV,2XXL,
Kia EV6,Kia,EV6,2022-2026,,Crossover,YL,Y1
Kia EV9,Kia,EV9,2024-2026,,SUV,YXL,Y2
Kia Forte,Kia,Forte,2010-2018,,Sedan,3M,S1
Kia Forte,Kia,Forte,2010-2016,Incl: Koup,Coupe,3M-0,C1
Kia Forte,Kia,Forte,2014-2018,Forte5,Hatchback,2L+,
Kia Forte,Kia,Forte,2019-2024,,Sedan,3L,S2
Kia K5,Kia,K5,2021-2026,,Sedan,3XL,S3
Kia K900,Kia,K900,2015-2020,,Sedan,3XL+,
Kia NIRO,Kia,NIRO,2017-2026,Incl: EV,Crossover,YM,Y0
Kia Optima,Kia,Optima,2001-2015,,Sedan,4L,L2
Kia Optima,Kia,Optima,2011-2016,Hybrid,Sedan,4L,L2
Kia Optima,Kia,Optima,2016-2020,Incl: PHEV,Sedan,3XL,S3
Kia Optima,Kia,Optima,2017-2020,Hybrid,Sedan,3XL,S3
Kia Rio,Kia,Rio,2001-2005,Rio5,Wagon,2L+,
Kia Rio,Kia,Rio,2001-2023,,Sedan,3M,S1
Kia Rio,Kia,Rio,2006-2023,Rio5,Hatchback,2M,H1
Kia Rondo,Kia,Rondo,2007-2010,,SUV,YM,Y0
Kia SELTOS,Kia,SELTOS,2021-2025,,SUV,YM,Y0
Kia Sephia,Kia,Sephia,1994-2001,,Sedan,3M,S1
Kia Sorento,Kia,Sorento,2003-2009,,SUV,YM,Y0
Kia Sorento,Kia,Sorento,2011-2026,Incl: PHEV,SUV,YL,Y1
Kia Soul,Kia,Soul,2010-2019,Incl: EV,Hatchback/Wagon,2M,H1
Kia Soul,Kia,Soul,2020-2025,,Wagon,2L+,
Kia Spectra,Kia,Spectra,2000-2009,,Sedan,3M,S1
Kia Spectra,Kia,Spectra,2002-2004,,Hatchback,2XL,H3
Kia Spectra,Kia,Spectra,2006-2009,,Hatchback,2L+,
Kia Sportage,Kia,Sportage,1995-2002,2dr/4dr,SUV,无可用尺码,
Kia Sportage,Kia,Sportage,2005-2022,,SUV,YM,Y0
Kia Sportage,Kia,Sportage,2023-2026,Incl: PHEV,SUV,YL,Y1
Kia Stinger,Kia,Stinger,2018-2023,Incl: GT,Coupe/Fastback/Liftback,4L,L2
Kia Telluride,Kia,Telluride,2020-2026,,SUV,YXL,Y2
Land Rover Defender,Land Rover,Defender,1993-2026,90/110 NAS,SUV,YM,Y0
Land Rover Defender,Land Rover,Defender,1994-1997,90 NAS,SUV,无可用尺码,
Land Rover Defender,Land Rover,Defender,2020-2026,110/110 OCTA,SUV,YXL,Y2
Land Rover Defender,Land Rover,Defender,2023-2026,130,SUV,YXXL-545,Y4
Land Rover Discovery,Land Rover,Discovery,1994-1999,,SUV,YM,Y0
Land Rover Discovery,Land Rover,Discovery,2000-2016,,SUV,YL,Y1
Land Rover Discovery,Land Rover,Discovery,2017-2024,,SUV,YXL,Y2
Land Rover Discovery Sport,Land Rover,Discovery Sport,2015-2026,,SUV,YM,Y0
Land Rover Evoque,Land Rover,Evoque,2012-2018,,Coupe,3M-0,C1
Land Rover Evoque,Land Rover,Evoque,2020-2026,,SUV,YM,Y0
Land Rover Freelander,Land Rover,Freelander,2002-2005,,SUV,YM,Y0
Land Rover LR2,Land Rover,LR2,2008-2015,,SUV,YM,Y0
Land Rover LR3,Land Rover,LR3,2005-2009,,SUV,YL,Y1
Land Rover LR4,Land Rover,LR4,2010-2016,,SUV,YL,Y1
Land Rover Range Rover,Land Rover,Range Rover,1987-1992,,SUV,YM,Y0
Land Rover Range Rover,Land Rover,Range Rover,1993-2002,Incl: LWB,SUV,YL,Y1
Land Rover Range Rover,Land Rover,Range Rover,2003-2021,,SUV,YXL,Y2
Land Rover Range Rover,Land Rover,Range Rover,2014-2021,LWB,SUV,YXXL,
Land Rover Range Rover,Land Rover,Range Rover,2022-2026,,SUV,YXXL,
Land Rover Range Rover,Land Rover,Range Rover,2022-2026,LWB,SUV,YXXL-545,Y4
Land Rover Range Rover Evoque,Land Rover,Range Rover Evoque,2012-2019,,Convertible/Coupe,3M-0,C1
Land Rover Range Rover Evoque,Land Rover,Range Rover Evoque,2020-2026,,SUV,YM,Y0
Land Rover Range Rover Sport,Land Rover,Range Rover Sport,2006-2013,,SUV,YL,Y1
Land Rover Range Rover Sport,Land Rover,Range Rover Sport,2014-2026,,SUV,YXL,Y2
Land Rover Range Rover Velar,Land Rover,Range Rover Velar,2018-2026,,SUV,YL,Y1
Lexus CT,Lexus,CT,2011-2017,,Hatchback,2L+,
Lexus ES,Lexus,ES,1991,,Sedan,3L,S2
Lexus ES,Lexus,ES,1992-2001,,Sedan,4L,L2
Lexus ES,Lexus,ES,2002-2025,,Sedan,3XL,S3
Lexus ES,Lexus,ES,2026,,Sedan,3XL+,
Lexus GS,Lexus,GS,1993-1997,,Sedan,3XL,S3
Lexus GS,Lexus,GS,1998-2020,,Sedan,4L,L2
Lexus GX,Lexus,GX,2003-2013,,SUV,YL,Y1
Lexus GX,Lexus,GX,2014-2026,Incl: Overtrail,SUV,YXL,Y2
Lexus HS,Lexus,HS,2010-2012,,Sedan,3L,S2
Lexus IS,Lexus,IS,2001-2005,,Sedan,3M,S1
Lexus IS,Lexus,IS,2006-2021,,Sedan,3L,S2
Lexus IS,Lexus,IS,2010-2015,,Convertible,3L-0,C2
Lexus IS,Lexus,IS,2022-2026,,Sedan,4L,L2
Lexus LC,Lexus,LC,2018-2026,,Convertible/Coupe,4L,L2
Lexus LFA,Lexus,LFA,2012,,Coupe,3M-0,C1
Lexus LS,Lexus,LS,1990-1994,,Sedan,4XL,L3
Lexus LS,Lexus,LS,1995-2009,,Sedan,3XL,S3
Lexus LS,Lexus,LS,2007-2012,L,Sedan,3XL+,
Lexus LS,Lexus,LS,2010-2017,,Sedan,3XL+,
Lexus LS,Lexus,LS,2013-2017,L,Sedan,3XXL,
Lexus LS,Lexus,LS,2018-2026,,Sedan,3XXL,
Lexus LX,Lexus,LX,1996-1997,,SUV,YL,Y1
Lexus LX,Lexus,LX,1998-2015,,SUV,YXL,Y2
Lexus LX,Lexus,LX,2016-2026,,SUV,YXXL,
Lexus NX,Lexus,NX,2015-2017,,SUV,YM,Y0
Lexus NX,Lexus,NX,2018-2026,,SUV,YL,Y1
Lexus RC,Lexus,RC,2015-2025,Incl: RC F,Coupe,3L-0,C2
Lexus RX,Lexus,RX,1999-2003,,SUV,YM,Y0
Lexus RX,Lexus,RX,2004-2015,,SUV,YL,Y1
Lexus RX,Lexus,RX,2016-2026,Incl: RX L,SUV,YXL,Y2
Lexus RZ,Lexus,RZ,2023-2026,,SUV,YL,Y1
Lexus SC,Lexus,SC,1992-2000,,Coupe,3XL-0,C3
Lexus SC,Lexus,SC,2002-2010,,Convertible,3M-0,C1
Lexus TX,Lexus,TX,2024-2026,,SUV,YXXL,
Lexus UX,Lexus,UX,2019-2026,,SUV,YM,Y0
Lincoln Aviator,Lincoln,Aviator,2003-2005,,SUV,YXL,Y2
Lincoln Aviator,Lincoln,Aviator,2020-2026,,SUV,YXXL,
Lincoln Continental,Lincoln,Continental,1940-1948,,Convertible,3XXL-0,
Lincoln Continental,Lincoln,Continental,1940-1957,,Coupe,4XXXL,
Lincoln Continental,Lincoln,Continental,1958-1960,,Convertible/Sedan,4XXXXL,
Lincoln Continental,Lincoln,Continental,1961-1965,,Convertible/Sedan,4XXL,L4
Lincoln Continental,Lincoln,Continental,1966-1969,,Convertible/Sedan,4XXXL,
Lincoln Continental,Lincoln,Continental,1970-1979,,Coupe/Sedan,4XXXXL,
Lincoln Continental,Lincoln,Continental,1980,,Coupe,4XXL,L4
Lincoln Continental,Lincoln,Continental,1980,,Sedan,4XXXL,
Lincoln Continental,Lincoln,Continental,1982-2002,,Sedan,4XXL,L4
Lincoln Continental,Lincoln,Continental,2017-2020,,Sedan,3XL+,
Lincoln Corsair,Lincoln,Corsair,2020-2026,Incl: PHEV,SUV,YM,Y0
Lincoln LS,Lincoln,LS,2000-2006,,Sedan,3XL,S3
Lincoln MKC,Lincoln,MKC,2015-2019,,SUV,YM,Y0
Lincoln MKS,Lincoln,MKS,2009-2012,,Sedan,3XL+,
Lincoln MKS,Lincoln,MKS,2013-2016,,Sedan,3XXL,
Lincoln MKT,Lincoln,MKT,2010-2019,,Crossover,YXXL-545,Y4
Lincoln MKX,Lincoln,MKX,2007-2018,,Crossover,YL,Y1
Lincoln MKZ,Lincoln,MKZ,2008-2012,,Sedan,4L,L2
Lincoln MKZ,Lincoln,MKZ,2013-2020,,Sedan,3XL,S3
Lincoln Mark VII,Lincoln,Mark VII,1984-1992,,Coupe,3XL+0,
Lincoln Mark VIII,Lincoln,Mark VIII,1993-1998,,Coupe,3XXL-0,
Lincoln Nautilus,Lincoln,Nautilus,2019-2023,,SUV,YL,Y1
Lincoln Nautilus,Lincoln,Nautilus,2024-2026,,SUV,YXL,Y2
Lincoln Navigator,Lincoln,Navigator,1998-2002,,SUV,YXXL,
Lincoln Navigator,Lincoln,Navigator,2003-2026,,SUV,YXXL-545,Y4
Lincoln Navigator,Lincoln,Navigator,2007-2026,L,SUV,YXXL-585,Y5
Lincoln Town Car,Lincoln,Town Car,1981-1997,,Sedan,4XXXL,
Lincoln Town Car,Lincoln,Town Car,1998-2011,,Sedan,4XXL,L4
Lincoln Town Car,Lincoln,Town Car,2000-2011,L,Sedan,4XXXL,
Lincoln Zephyr,Lincoln,Zephyr,2006,,Sedan,4L,L2
Lucid Motors Air,Lucid Motors,Air,2022-2026,,Sedan,3XL,S3
Lucid Motors Gravity,Lucid Motors,Gravity,2025-2026,,SUV,YXXL,
MINI Clubman,MINI,Clubman,2008-2014,,Wagon,2M,H1
MINI Clubman,MINI,Clubman,2016-2024,,Wagon,2L+,
MINI Convertible,MINI,Convertible,2005-2008,,Convertible,无可用尺码,
MINI Convertible,MINI,Convertible,2009-2026,Incl: JCW,Convertible,3S-0,C0
MINI Cooper,MINI,Cooper,2002-2026,Incl: 2dr/2dr S/2dr SE/4dr/4dr S,Hatchback,2M,H1
MINI Cooper SE,MINI,Cooper SE,2020-2024,,Hatchback,2M,H1
MINI Countryman,MINI,Countryman,2011-2026,Incl: JCW,SUV,YM,Y0
MINI Coupe,MINI,Coupe,2012-2015,,Coupe,3S-0,C0
MINI Hardtop,MINI,Hardtop,2002-2024,2dr/4dr,Hatchback,2M,H1
MINI Hatchback,MINI,Hatchback,2002-2024,2dr/2dr Cooper SE/4dr,Hatchback,2M,H1
MINI Paceman,MINI,Paceman,2013-2016,Incl: JCW ALL4,Crossover/SUV,YM,Y0
MINI Roadster,MINI,Roadster,2012-2015,Incl: JCW,Convertible,3S-0,C0
Maserati Ghibli,Maserati,Ghibli,2014-2024,,Sedan,3XL,S3
Maserati GranTurismo,Maserati,GranTurismo,2008-2026,,Convertible/Coupe,3XL-0,C3
Maserati Grecale,Maserati,Grecale,2023-2026,,SUV,YXL,Y2
Maserati Levante,Maserati,Levante,2017-2024,,SUV,YXL,Y2
Maserati MC20,Maserati,MC20,2022-2025,Incl: Cielo,Convertible/Coupe,3L-0,C2
Maserati Quattroporte,Maserati,Quattroporte,2005-2013,,Sedan,3XL+,
Maserati Quattroporte,Maserati,Quattroporte,2014-2024,,Sedan,3XXL,
Mazda 2,Mazda,2,2011-2014,,Hatchback,2M,H1
Mazda 3,Mazda,3,2004-2006,,Hatchback,2L+,
Mazda 3,Mazda,3,2004-2009,,Sedan,3M,S1
Mazda 3,Mazda,3,2007-2009,,Hatchback,2XL,H3
Mazda 3,Mazda,3,2010-2026,,Hatchback,2L+,
Mazda 3,Mazda,3,2010-2026,,Sedan,3L,S2
Mazda 5,Mazda,5,2006-2015,,SUV,YM,Y0
Mazda 6,Mazda,6,2003-2008,,Hatchback/Wagon,2XL,H3
Mazda 6,Mazda,6,2009-2021,,Sedan,3XL,S3
Mazda CX-3,Mazda,CX-3,2016-2021,,SUV,YM,Y0
Mazda CX-30,Mazda,CX-30,2020-2026,,SUV,YM,Y0
Mazda CX-5,Mazda,CX-5,2013-2025,,SUV,YM,Y0
Mazda CX-5,Mazda,CX-5,2026,,SUV,YL,Y1
Mazda CX-50,Mazda,CX-50,2023-2026,,SUV,YL,Y1
Mazda CX-7,Mazda,CX-7,2007-2012,,SUV,YL,Y1
Mazda CX-70,Mazda,CX-70,2025-2026,,SUV,YXXL,
Mazda CX-9,Mazda,CX-9,2007-2023,,SUV,YXXL,
Mazda CX-90,Mazda,CX-90,2024-2026,,SUV,YXXL,
Mazda MX-30,Mazda,MX-30,2022-2023,,SUV,YM,Y0
Mazda MX-5,Mazda,MX-5,1990-2026,Incl: RF,Convertible/Coupe,3S-0,C0
Mazda MX-6,Mazda,MX-6,1990-1992,,Coupe,3M-0,C1
Mazda MX-6,Mazda,MX-6,1993-1997,,Coupe,3L-0,C2
Mazda Miata,Mazda,Miata,1990-2026,Incl: RF/soft top,Convertible/Coupe,3S-0,C0
Mazda Millenia,Mazda,Millenia,1995-2000,,Sedan,4L,L2
Mazda Millenia,Mazda,Millenia,2001-2002,,Sedan,3XL,S3
Mazda Protege,Mazda,Protege,1990-2003,,Sedan,3M,S1
Mazda Protege,Mazda,Protege,2002-2003,Protege5,Hatchback,2L+,
Mazda RX-7,Mazda,RX-7,1979-1995,,Convertible/Coupe,3M-0,C1
Mazda RX-8,Mazda,RX-8,2009-2011,,Coupe,3M-0,C1
Mazda Speed3,Mazda,Speed3,2007-2013,,Hatchback,2L+,
Mazda Tribute,Mazda,Tribute,2001-2011,,SUV,YM,Y0
Mercedes-Benz 190,Mercedes-Benz,190,1984-1993,,Sedan,3M,S1
Mercedes-Benz A-Class,Mercedes-Benz,A-Class,2019-2022,Incl: AMG,Sedan,3M,S1
Mercedes-Benz B-Class,Mercedes-Benz,B-Class,2014-2017,,Hatchback,2L+,
Mercedes-Benz C-Class,Mercedes-Benz,C-Class,1994-2007,,Sedan,3M,S1
Mercedes-Benz C-Class,Mercedes-Benz,C-Class,1995-2004,AMG,Sedan,3M,S1
Mercedes-Benz C-Class,Mercedes-Benz,C-Class,2002-2005,SportCoupe,Hatchback,2L+,
Mercedes-Benz C-Class,Mercedes-Benz,C-Class,2002-2005,,Wagon,2XL,H3
Mercedes-Benz C-Class,Mercedes-Benz,C-Class,2005-2015,AMG/PHEV,Sedan,3L,S2
Mercedes-Benz C-Class,Mercedes-Benz,C-Class,2008-2021,,Sedan,3L,S2
Mercedes-Benz C-Class,Mercedes-Benz,C-Class,2012-2023,Incl: AMG,Convertible/Coupe,3L-0,C2
Mercedes-Benz C-Class,Mercedes-Benz,C-Class,2016-2026,AMG,Sedan,4L,L2
Mercedes-Benz C-Class,Mercedes-Benz,C-Class,2022-2026,,Sedan,4L,L2
Mercedes-Benz CL-Class,Mercedes-Benz,CL-Class,1998-1999,,Coupe,3XL+0,
Mercedes-Benz CL-Class,Mercedes-Benz,CL-Class,2000-2006,,Coupe,3XL-0,C3
Mercedes-Benz CL-Class,Mercedes-Benz,CL-Class,2007-2014,Incl: AMG,Coupe,3XL+0,
Mercedes-Benz CLA-Class,Mercedes-Benz,CLA-Class,2014-2027,Incl: AMG,Sedan,3L,S2
Mercedes-Benz CLK-Class,Mercedes-Benz,CLK-Class,1998-2009,,Convertible/Coupe,3L-0,C2
Mercedes-Benz CLS-Class,Mercedes-Benz,CLS-Class,2006-2018,4dr coupe/AMG,Sedan,3XL,S3
Mercedes-Benz CLS-Class,Mercedes-Benz,CLS-Class,2019-2023,4dr coupe/AMG,Sedan,3XL+,
Mercedes-Benz E-Class,Mercedes-Benz,E-Class,1994-1995,,Wagon,2XL,H3
Mercedes-Benz E-Class,Mercedes-Benz,E-Class,1994-2017,Incl: Cabriolet,Convertible/Coupe,3L-0,C2
Mercedes-Benz E-Class,Mercedes-Benz,E-Class,1994-2002,,Sedan,4L,L2
Mercedes-Benz E-Class,Mercedes-Benz,E-Class,1998-2026,Incl: All-Terrain,Wagon,2XL+,
Mercedes-Benz E-Class,Mercedes-Benz,E-Class,1999-2006,AMG,Sedan,4L,L2
Mercedes-Benz E-Class,Mercedes-Benz,E-Class,2003-2026,Incl: PHEV,Sedan,3XL,S3
Mercedes-Benz E-Class,Mercedes-Benz,E-Class,2007-2023,AMG,Sedan,3XL,S3
Mercedes-Benz E-Class,Mercedes-Benz,E-Class,2018-2023,,Convertible/Coupe,4L,L2
Mercedes-Benz EQB,Mercedes-Benz,EQB,2022-2025,,SUV,YL,Y1
Mercedes-Benz G-Class,Mercedes-Benz,G-Class,2003-2018,AMG,SUV,YL,Y1
Mercedes-Benz G-Class,Mercedes-Benz,G-Class,2019-2026,,SUV,YXL,Y2
Mercedes-Benz GL-Class,Mercedes-Benz,GL-Class,2007-2016,Incl: AMG,SUV,YXXL,
Mercedes-Benz GLA-Class,Mercedes-Benz,GLA-Class,2015-2026,Incl: AMG,SUV,YM,Y0
Mercedes-Benz GLB-Class,Mercedes-Benz,GLB-Class,2020-2026,,SUV,YL,Y1
Mercedes-Benz GLC-Class,Mercedes-Benz,GLC-Class,2016-2026,Incl: AMG,Crossover/SUV,YL,Y1
Mercedes-Benz GLE-Class,Mercedes-Benz,GLE-Class,2016-2026,,Coupe,3XL-0,C3
Mercedes-Benz GLE-Class,Mercedes-Benz,GLE-Class,2016-2019,,SUV,YL,Y1
Mercedes-Benz GLE-Class,Mercedes-Benz,GLE-Class,2020-2026,,SUV,YXL,Y2
Mercedes-Benz GLK-Class,Mercedes-Benz,GLK-Class,2011-2015,,SUV,YM,Y0
Mercedes-Benz GLS-Class,Mercedes-Benz,GLS-Class,2017-2026,AMG,SUV,YXXL,
Mercedes-Benz M-Class,Mercedes-Benz,M-Class,1998-2001,,SUV,YM,Y0
Mercedes-Benz M-Class,Mercedes-Benz,M-Class,2002-2015,Incl: AMG/Diesel,SUV,YL,Y1
Mercedes-Benz ML-Class,Mercedes-Benz,ML-Class,1998-2001,,SUV,YM,Y0
Mercedes-Benz ML-Class,Mercedes-Benz,ML-Class,2002-2015,,SUV,YL,Y1
Mercedes-Benz S-Class,Mercedes-Benz,S-Class,1994-1999,,Coupe/Sedan,4XXL,L4
Mercedes-Benz S-Class,Mercedes-Benz,S-Class,2000-2006,Incl: AMG/LWB,Sedan,3XL+,
Mercedes-Benz S-Class,Mercedes-Benz,S-Class,2007-2026,Incl: AMG/Maybach/S 550e PHEV/S 560e PHEV,Sedan,3XXL,
Mercedes-Benz S-Class,Mercedes-Benz,S-Class,2015-2017,,Coupe,3XL+0,
Mercedes-Benz S-Class,Mercedes-Benz,S-Class,2015,PHEV,Coupe,3XL-0,C3
Mercedes-Benz S-Class,Mercedes-Benz,S-Class,2018,,Convertible/Coupe,3XL-0,C3
Mercedes-Benz S-Class,Mercedes-Benz,S-Class,2019,,Convertible/Coupe,3XL+0,
Mercedes-Benz S-Class,Mercedes-Benz,S-Class,2020,,Convertible/Coupe,3XL-0,C3
Mercedes-Benz SL-Class,Mercedes-Benz,SL-Class,1954-1971,,Convertible/Coupe,3M-0,C1
Mercedes-Benz SL-Class,Mercedes-Benz,SL-Class,1957-1989,300SL/560SL,Convertible,3L-0,C2
Mercedes-Benz SL-Class,Mercedes-Benz,SL-Class,1972-1989,,Convertible,3L-0,C2
Mercedes-Benz SL-Class,Mercedes-Benz,SL-Class,1990-2012,Incl: 300 SL/500 SL/600 SL/SL320/SL500/SL600,Convertible,3M-0,C1
Mercedes-Benz SL-Class,Mercedes-Benz,SL-Class,2003-2010,AMG,Convertible,3M-0,C1
Mercedes-Benz SL-Class,Mercedes-Benz,SL-Class,2011-2026,AMG,Convertible,3L-0,C2
Mercedes-Benz SL-Class,Mercedes-Benz,SL-Class,2013-2026,,Convertible,3L-0,C2
Mercedes-Benz SLC-Class,Mercedes-Benz,SLC-Class,2017-2020,Incl: AMG,Convertible,3S-0,C0
Mercedes-Benz SLK-Class,Mercedes-Benz,SLK-Class,1998-2016,Incl: AMG,Convertible,3S-0,C0
Mercury Cougar,Mercury,Cougar,1967-1970,,Convertible/Coupe,4L,L2
Mercury Cougar,Mercury,Cougar,1971-1982,Incl: XR-7,Convertible/Coupe,4XXL,L4
Mercury Cougar,Mercury,Cougar,1977-1979,,Sedan,4XXXL,
Mercury Cougar,Mercury,Cougar,1977-1979,,Wagon,无可用尺码,
Mercury Cougar,Mercury,Cougar,1980-1982,,Wagon,2XXL,
Mercury Cougar,Mercury,Cougar,1980-1982,,Sedan,4XXL,L4
Mercury Cougar,Mercury,Cougar,1983,,Coupe,3XL-0,C3
Mercury Cougar,Mercury,Cougar,1984-1997,,Coupe,3XL+0,
Mercury Cougar,Mercury,Cougar,1999-2002,,Hatchback,2XL,H3
Mercury Grand Marquis,Mercury,Grand Marquis,1975-1978,,Sedan,4XXXXL,
Mercury Grand Marquis,Mercury,Grand Marquis,1979-2011,,Sedan,4XXL,L4
Mercury Marauder,Mercury,Marauder,2003-2004,,Sedan,3XXL,
Mercury Mariner,Mercury,Mariner,2005-2011,,SUV,YM,Y0
Mercury Marquis,Mercury,Marquis,1967-1970,,Coupe/Sedan,4XXXL,
Mercury Marquis,Mercury,Marquis,1971-1972,,Coupe/Sedan,4XXXXL,
Mercury Marquis,Mercury,Marquis,1973,,Coupe/Sedan,4XXXL,
Mercury Marquis,Mercury,Marquis,1973-1982,,Wagon,无可用尺码,
Mercury Marquis,Mercury,Marquis,1974-1978,,Coupe/Sedan,4XXXXL,
Mercury Marquis,Mercury,Marquis,1979-1982,,Coupe/Sedan,4XXL,L4
Mercury Marquis,Mercury,Marquis,1983-1986,,Wagon,2XL+,
Mercury Marquis,Mercury,Marquis,1983-1986,,Sedan,4XL,L3
Mercury Milan,Mercury,Milan,2006-2009,,Sedan,3XL,S3
Mercury Milan,Mercury,Milan,2010-2011,,Sedan,4L,L2
Mercury Monterey,Mercury,Monterey,1952-1956,,Hatchback/Wagon,2XXL,
Mercury Monterey,Mercury,Monterey,1952-1958,,Convertible/Coupe/Sedan,4XXL,L4
Mercury Monterey,Mercury,Monterey,1959-1960,,Coupe/Sedan,4XXXL,
Mercury Monterey,Mercury,Monterey,1959-1974,,Wagon,无可用尺码,
Mercury Monterey,Mercury,Monterey,1961-1964,,Convertible/Coupe/Sedan,4XXL,L4
Mercury Monterey,Mercury,Monterey,1965-1974,,Convertible/Coupe/Sedan,4XXXL,
Mercury Monterey,Mercury,Monterey,2004-2007,,MPV,2XXL,
Mercury Mountaineer,Mercury,Mountaineer,1997-2005,,SUV,YL,Y1
Mercury Mountaineer,Mercury,Mountaineer,2006-2010,,SUV,YXL,Y2
Mercury Sable,Mercury,Sable,1986-2005,,Wagon,2XL+,
Mercury Sable,Mercury,Sable,1986-1995,,Sedan,3XL,S3
Mercury Sable,Mercury,Sable,1996-2009,,Sedan,3XL+,
Mercury Tracer,Mercury,Tracer,1988-1989,,Sedan,3S,S0
Mercury Tracer,Mercury,Tracer,1990-1999,,Sedan,3M,S1
Mercury Tracer,Mercury,Tracer,1991-1999,,Wagon,2L+,
Mitsubishi 3000GT,Mitsubishi,3000GT,1991,,Coupe,3M-0,C1
Mitsubishi 3000GT,Mitsubishi,3000GT,1992-1999,,Convertible/Coupe,3L-0,C2
Mitsubishi Diamante,Mitsubishi,Diamante,1992-1993,,Sedan,4L,L2
Mitsubishi Diamante,Mitsubishi,Diamante,1994-2004,,Sedan,3XL,S3
Mitsubishi Eclipse,Mitsubishi,Eclipse,1990-2005,Incl: Spyder,Convertible/Coupe,3M-0,C1
Mitsubishi Eclipse,Mitsubishi,Eclipse,1995-1999,,Hatchback,2L+,
Mitsubishi Eclipse,Mitsubishi,Eclipse,2006-2012,Incl: Spyder,Convertible/Coupe,3L-0,C2
Mitsubishi Eclipse Cross,Mitsubishi,Eclipse Cross,2018-2026,,Crossover,YM,Y0
Mitsubishi Endeavor,Mitsubishi,Endeavor,2004-2011,,SUV,YL,Y1
Mitsubishi Galant,Mitsubishi,Galant,1989-1993,,Sedan,3L,S2
Mitsubishi Galant,Mitsubishi,Galant,1994-2006,,Sedan,4L,L2
Mitsubishi Galant,Mitsubishi,Galant,2007-2012,,Sedan,3XL,S3
Mitsubishi Lancer,Mitsubishi,Lancer,2002-2003,,Sedan,3M,S1
Mitsubishi Lancer,Mitsubishi,Lancer,2004-2017,,Sedan,3L,S2
Mitsubishi Lancer,Mitsubishi,Lancer,2011-2015,,Hatchback,2XL,H3
Mitsubishi Mirage,Mitsubishi,Mirage,2014-2024,,Hatchback,2M,H1
Mitsubishi Mirage,Mitsubishi,Mirage,2017-2024,,Sedan,3M,S1
Mitsubishi Montero,Mitsubishi,Montero,1983-1990,2dr SWB,SUV,无可用尺码,
Mitsubishi Montero,Mitsubishi,Montero,1989-1990,4dr LS LWB/4dr LWB,SUV,YM,Y0
Mitsubishi Montero,Mitsubishi,Montero,1991-2006,Incl: 4dr LWB,SUV,YL,Y1
Mitsubishi Montero Sport,Mitsubishi,Montero Sport,1997-2004,,SUV,YM,Y0
Mitsubishi Outlander,Mitsubishi,Outlander,2003-2006,,SUV,YM,Y0
Mitsubishi Outlander,Mitsubishi,Outlander,2007-2026,,SUV,YL,Y1
Mitsubishi Outlander Sport,Mitsubishi,Outlander Sport,2011-2025,,SUV,YM,Y0
Mitsubishi i-MiEV,Mitsubishi,i-MiEV,2012-2017,,Hatchback,2M,H1
Nissan 240SX,Nissan,240SX,1989-1993,Incl: Fastback,Hatchback,2XL,H3
Nissan 240SX,Nissan,240SX,1989-1998,,Convertible/Coupe,3M-0,C1
Nissan 300ZX,Nissan,300ZX,1984-1985,,Coupe,3M-0,C1
Nissan 300ZX,Nissan,300ZX,1986-1989,,Coupe,3L-0,C2
Nissan 300ZX,Nissan,300ZX,1990-1996,Incl: 2+2/2+2 Coupe/2-Seater,Convertible/Coupe,3M-0,C1
Nissan 350Z,Nissan,350Z,2003-2009,,Convertible/Coupe,3M-0,C1
Nissan 370Z,Nissan,370Z,2009-2020,Incl: NISMO,Convertible/Coupe,3M-0,C1
Nissan Altima,Nissan,Altima,1993-2001,,Sedan,3L,S2
Nissan Altima,Nissan,Altima,2002-2006,,Sedan,3XL,S3
Nissan Altima,Nissan,Altima,2007-2012,,Sedan,4L,L2
Nissan Altima,Nissan,Altima,2008-2013,,Coupe,3L-0,C2
Nissan Altima,Nissan,Altima,2013-2026,,Sedan,3XL,S3
Nissan Ariya,Nissan,Ariya,2023-2026,,SUV,YL,Y1
Nissan Armada,Nissan,Armada,2004-2026,Incl: NISMO/PRO-4X,SUV,YXXL-545,Y4
Nissan Cube,Nissan,Cube,2009-2014,,Wagon,2M,H1
Nissan GT-R,Nissan,GT-R,2009-2024,Incl: NISMO,Coupe,3L-0,C2
Nissan Juke,Nissan,Juke,2011-2017,,Crossover,YM,Y0
Nissan Kicks,Nissan,Kicks,2018-2026,,SUV,YM,Y0
Nissan Leaf,Nissan,Leaf,2011-2025,,Hatchback,2L+,
Nissan Leaf,Nissan,Leaf,2026,,Crossover,YM,Y0
Nissan Maxima,Nissan,Maxima,1981-1984,,Wagon,2XL,H3
Nissan Maxima,Nissan,Maxima,1981-1984,,Sedan,3XL,S3
Nissan Maxima,Nissan,Maxima,1985-1988,,Sedan,3L,S2
Nissan Maxima,Nissan,Maxima,1989-2003,,Sedan,4L,L2
Nissan Maxima,Nissan,Maxima,2004-2008,,Sedan,3XL,S3
Nissan Maxima,Nissan,Maxima,2009-2014,,Sedan,4L,L2
Nissan Maxima,Nissan,Maxima,2016-2023,,Sedan,3XL,S3
Nissan Murano,Nissan,Murano,2003-2014,,SUV,YL,Y1
Nissan Murano,Nissan,Murano,2015-2026,,SUV,YXL,Y2
Nissan Pathfinder,Nissan,Pathfinder,1987-2004,Incl: Narrow-body,SUV,YM,Y0
Nissan Pathfinder,Nissan,Pathfinder,1988-1995,Wide-body,SUV,YL,Y1
Nissan Pathfinder,Nissan,Pathfinder,2005-2011,,SUV,YL,Y1
Nissan Pathfinder,Nissan,Pathfinder,2012,,SUV,YXL,Y2
Nissan Pathfinder,Nissan,Pathfinder,2013-2026,Incl: Rock Creek,SUV,YXXL,
Nissan Rogue,Nissan,Rogue,2008-2026,Incl: PHEV,SUV,YL,Y1
Nissan Rogue Sport,Nissan,Rogue Sport,2017-2022,,SUV,YM,Y0
Nissan Sentra,Nissan,Sentra,1982-1986,,Hatchback/Wagon,2L+,
Nissan Sentra,Nissan,Sentra,1982-1984,2dr,Sedan,3M,S1
Nissan Sentra,Nissan,Sentra,1982-2006,Incl: 4dr,Sedan,3M,S1
Nissan Sentra,Nissan,Sentra,1982-1994,,Coupe,3M-0,C1
Nissan Sentra,Nissan,Sentra,1985,2dr,Sedan,3S,S0
Nissan Sentra,Nissan,Sentra,1986,2dr,Sedan,3M,S1
Nissan Sentra,Nissan,Sentra,2007-2026,,Sedan,3L,S2
Nissan Versa,Nissan,Versa,2007-2019,,Hatchback,2L+,
Nissan Versa,Nissan,Versa,2007-2026,,Sedan,3M,S1
Nissan Versa Note,Nissan,Versa Note,2014-2019,,Hatchback,2L+,
Nissan Xterra,Nissan,Xterra,2000-2015,,SUV,YM,Y0
Nissan Z,Nissan,Z,2023-2026,Incl: NISMO,Coupe,3M-0,C1
Oldsmobile 88,Oldsmobile,88,1949-1958,,Coupe/Sedan,4XXL,L4
Oldsmobile 88,Oldsmobile,88,1957-1958,,Hatchback,2XXL,
Oldsmobile 88,Oldsmobile,88,1959-1960,,Coupe/Sedan,4XXXL,
Oldsmobile 88,Oldsmobile,88,1959-1985,,Hatchback/Wagon,无可用尺码,
Oldsmobile 88,Oldsmobile,88,1961-1964,,Coupe/Sedan,4XXL,L4
Oldsmobile 88,Oldsmobile,88,1965-1971,,Coupe,4XXXL,
Oldsmobile 88,Oldsmobile,88,1965-1972,,Sedan,4XXXL,
Oldsmobile 88,Oldsmobile,88,1972-1976,,Coupe,4XXXXL,
Oldsmobile 88,Oldsmobile,88,1973-1976,,Sedan,4XXXXL,
Oldsmobile 88,Oldsmobile,88,1977-1985,,Coupe/Sedan,4XXXL,
Oldsmobile 88,Oldsmobile,88,1986-1991,,Coupe/Sedan,4XL,L3
Oldsmobile 88,Oldsmobile,88,1992-1999,,Sedan,4XXL,L4
Oldsmobile Achieva,Oldsmobile,Achieva,1992-1998,,Coupe/Sedan,4L,L2
Oldsmobile Alero,Oldsmobile,Alero,1999-2004,,Coupe/Sedan,4L,L2
Oldsmobile Aurora,Oldsmobile,Aurora,1995-1999,,Sedan,3XXL,
Oldsmobile Aurora,Oldsmobile,Aurora,2001-2003,,Sedan,3XL+,
Oldsmobile Bravada,Oldsmobile,Bravada,1991-2001,,SUV,YM,Y0
Oldsmobile Bravada,Oldsmobile,Bravada,2002-2004,,SUV,YXL,Y2
Oldsmobile Custom Cruiser,Oldsmobile,Custom Cruiser,1976,455 V8,Wagon,无可用尺码,
Oldsmobile Cutlass,Oldsmobile,Cutlass,1961,F-85/Cutlass,Wagon,2XL,H3
Oldsmobile Cutlass,Oldsmobile,Cutlass,1961,F-85/Cutlass,Sedan,4L,L2
Oldsmobile Cutlass,Oldsmobile,Cutlass,1962-1996,Ciera/Cutlass/F-85,Wagon,2XL+,
Oldsmobile Cutlass,Oldsmobile,Cutlass,1962-1991,Ciera/Cutlass/F-85,Convertible/Coupe,4L,L2
Oldsmobile Cutlass,Oldsmobile,Cutlass,1962-1978,Cutlass/F-85/RWD,Sedan,4XL,L3
Oldsmobile Cutlass,Oldsmobile,Cutlass,1964-1977,Incl: F-85 Cutlass,Convertible/Coupe/Sedan,4XXL,L4
Oldsmobile Cutlass,Oldsmobile,Cutlass,1968-1972,,Wagon,2XXL,
Oldsmobile Cutlass,Oldsmobile,Cutlass,1979-1981,RWD,Coupe/Sedan,4XXL,L4
Oldsmobile Cutlass,Oldsmobile,Cutlass,1983-1989,Ciera,Sedan,4L,L2
Oldsmobile Cutlass,Oldsmobile,Cutlass,1989-1997,Incl: Supreme,Coupe/Sedan,4XL,L3
Oldsmobile Cutlass,Oldsmobile,Cutlass,1990,Ciera,Sedan,4XL,L3
Oldsmobile Cutlass,Oldsmobile,Cutlass,1991-1996,Ciera,Sedan,4L,L2
Oldsmobile Cutlass,Oldsmobile,Cutlass,1997-1999,FWD,Sedan,3XL,S3
Oldsmobile Intrigue,Oldsmobile,Intrigue,1998-2002,,Sedan,3XL,S3
Plymouth Acclaim,Plymouth,Acclaim,1989-1995,,Sedan,3L,S2
Plymouth Barracuda,Plymouth,Barracuda,1964-1966,,Coupe,4L,L2
Plymouth Barracuda,Plymouth,Barracuda,1967-1969,,Coupe/Fastback,4XL,L3
Plymouth Barracuda,Plymouth,Barracuda,1970-1973,,Coupe,4L,L2
Plymouth Barracuda,Plymouth,Barracuda,1974,Barracuda 318 V8/Cuda 360,Coupe,4XL,L3
Plymouth Breeze,Plymouth,Breeze,1996-2000,,Sedan,4L,L2
Plymouth Fury,Plymouth,Fury,1956-1972,Incl: 2dr Hardtop V-800/4dr Hardtop V-800/Belvedere Fury/Fast Top/Hardtop/Sport Fury,Convertible/Coupe/Hardtop/Sedan,4XXL,L4
Plymouth Fury,Plymouth,Fury,1962-1964,,Wagon,无可用尺码,
Plymouth Fury,Plymouth,Fury,1973-1974,,Coupe,4XXXL,
Plymouth Fury,Plymouth,Fury,1973-1978,,Sedan,4XXXL,
Plymouth Fury,Plymouth,Fury,1975-1978,,Coupe,4XXL,L4
Plymouth Laser,Plymouth,Laser,1990-1994,,Coupe,3M-0,C1
Plymouth Neon,Plymouth,Neon,1995-2001,,Sedan,3M,S1
Plymouth Neon,Plymouth,Neon,1995-1999,,Coupe,3M-0,C1
Plymouth Road Runner,Plymouth,Road Runner,1968-1975,,Coupe,4XXL,L4
Plymouth Sundance,Plymouth,Sundance,1992-1994,,Hatchback,2L+,
Plymouth Valiant,Plymouth,Valiant,1960-1966,,Wagon,2XL,H3
Plymouth Valiant,Plymouth,Valiant,1960-1972,,Convertible/Coupe/Sedan,4L,L2
Plymouth Valiant,Plymouth,Valiant,1973-1976,Duster,Coupe,4XL,L3
Plymouth Valiant,Plymouth,Valiant,1973-1976,Incl: Scamp,Coupe/Sedan,4XXL,L4
Polestar 1,Polestar,1,2020-2021,,Coupe,3L-0,C2
Polestar 2,Polestar,2,2021-2025,,Hatchback,2XL,H3
Polestar 3,Polestar,3,2025-2026,,SUV,YXL,Y2
Polestar 4,Polestar,4,2026,,SUV,YL,Y1
Pontiac Astre,Pontiac,Astre,1975-1977,Incl: Safari,Hatchback/Wagon,2L+,
Pontiac Astre,Pontiac,Astre,1975-1977,,Sedan,3M,S1
Pontiac Aztec,Pontiac,Aztec,2001-2005,,Crossover,YM,Y0
Pontiac Bonneville,Pontiac,Bonneville,1957-1958,,Convertible/Coupe/Sedan,4XXL,L4
Pontiac Bonneville,Pontiac,Bonneville,1958-1981,Incl: Grand Safari/Safari,Hatchback/Wagon,无可用尺码,
Pontiac Bonneville,Pontiac,Bonneville,1959-1969,,Convertible/Coupe/Sedan,4XXXL,
Pontiac Bonneville,Pontiac,Bonneville,1970,,Convertible/Coupe/Sedan,4XXXXL,
Pontiac Bonneville,Pontiac,Bonneville,1971-1976,,Convertible,4XXXL,
Pontiac Bonneville,Pontiac,Bonneville,1971,,Coupe/Sedan,4XXXL,
Pontiac Bonneville,Pontiac,Bonneville,1972-1976,,Coupe/Sedan,4XXXXL,
Pontiac Bonneville,Pontiac,Bonneville,1977-1981,,Coupe/Sedan,4XXL,L4
Pontiac Bonneville,Pontiac,Bonneville,1982-1984,,Sedan,4XL,L3
Pontiac Bonneville,Pontiac,Bonneville,1985-1986,,Sedan,4XXL,L4
Pontiac Bonneville,Pontiac,Bonneville,1987-1991,,Sedan,4XL,L3
Pontiac Bonneville,Pontiac,Bonneville,1992-2005,,Sedan,4XXL,L4
Pontiac Firebird,Pontiac,Firebird,1967-1968,,Convertible/Coupe,4L,L2
Pontiac Firebird,Pontiac,Firebird,1969-2002,Incl: Trans Am,Convertible/Coupe,3XL-0,C3
Pontiac G3,Pontiac,G3,2009,,Hatchback,2M,H1
Pontiac G5,Pontiac,G5,2007-2009,,Coupe,3L-0,C2
Pontiac G6,Pontiac,G6,2005-2010,,Convertible/Sedan,4L,L2
Pontiac G8,Pontiac,G8,2008-2009,,Fastback,3XL,S3
Pontiac GTO,Pontiac,GTO,1964-1974,,Convertible/Coupe,4XXL,L4
Pontiac GTO,Pontiac,GTO,2004-2006,,Coupe,4L,L2
Pontiac Grand Am,Pontiac,Grand Am,1992-1998,,Coupe/Sedan,4L,L2
Pontiac Grand Am,Pontiac,Grand Am,1999-2005,,Sedan,3L,S2
Pontiac Grand Am,Pontiac,Grand Am,1999-2005,,Coupe,3L-0,C2
Pontiac Grand Prix,Pontiac,Grand Prix,1963-1967,,Coupe,4XXL,L4
Pontiac Grand Prix,Pontiac,Grand Prix,1968,,Coupe,4XXXL,
Pontiac Grand Prix,Pontiac,Grand Prix,1969-1972,,Coupe,4XXL,L4
Pontiac Grand Prix,Pontiac,Grand Prix,1974-1975,,Coupe,4XXXL,
Pontiac Grand Prix,Pontiac,Grand Prix,1976-1987,,Coupe,4XXL,L4
Pontiac Grand Prix,Pontiac,Grand Prix,1988-2002,,Coupe,3XL-0,C3
Pontiac Grand Prix,Pontiac,Grand Prix,1997-2008,,Sedan,3XL,S3
Pontiac Grand Safari,Pontiac,Grand Safari,1974-1976,455-4 V8,Wagon,无可用尺码,
Pontiac LeMans,Pontiac,LeMans,1961-1962,LeMans/Tempest/Tempest LeMans,Convertible/Coupe,4L,L2
Pontiac LeMans,Pontiac,LeMans,1963,LeMans/Safari/Tempest,Wagon,2XL+,
Pontiac LeMans,Pontiac,LeMans,1963,Incl: LeMans/Tempest,Convertible/Coupe,4XL,L3
Pontiac LeMans,Pontiac,LeMans,1964-1967,,Hatchback/Wagon,2XXL,
Pontiac LeMans,Pontiac,LeMans,1964-1978,Incl: Can Am,Convertible/Coupe/Sedan,4XXL,L4
Pontiac LeMans,Pontiac,LeMans,1968-1976,,Hatchback/Wagon,无可用尺码,
Pontiac LeMans,Pontiac,LeMans,1977,,Hatchback,2XXL,
Pontiac LeMans,Pontiac,LeMans,1978-1980,,Hatchback/Wagon,2XL+,
Pontiac LeMans,Pontiac,LeMans,1979-1981,,Coupe/Sedan,4XL,L3
Pontiac LeMans,Pontiac,LeMans,1988-1993,,Hatchback,2L+,
Pontiac LeMans,Pontiac,LeMans,1988-1993,,Sedan,3M,S1
Pontiac LeMans,Pontiac,LeMans,1993,,Coupe,3M-0,C1
Pontiac Solstice,Pontiac,Solstice,2006-2009,,Convertible/Coupe,3S-0,C0
Pontiac Sunfire,Pontiac,Sunfire,1995-2005,,Sedan,3L,S2
Pontiac Sunfire,Pontiac,Sunfire,1995-2005,,Convertible/Coupe,3L-0,C2
Pontiac Torrent,Pontiac,Torrent,2006-2009,,SUV,YL,Y1
Pontiac Vibe,Pontiac,Vibe,2003-2010,,Hatchback,2L+,
Porsche 911,Porsche,911,1965-2024,Incl: Dakar,Coupe,3M-0,C1
Porsche 911,Porsche,911,1976-2012,GT2/GT2 RS/GT3/GT3 RS/Turbo,Coupe,3M-0,C1
Porsche 911,Porsche,911,1983-2016,,Convertible/Targa,3M-0,C1
Porsche 911,Porsche,911,2014-2026,GT2 RS/Turbo,Coupe,3M-0,C1
Porsche 911,Porsche,911,2014-2016,GT3/GT3 RS,Coupe,3M-0,C1
Porsche 911,Porsche,911,2017-2019,Incl: Speedster,Convertible,3L-0,C2
Porsche 911,Porsche,911,2018-2019,GT3,Coupe,3L-0,C2
Porsche 911,Porsche,911,2019,GT3 RS,Coupe,3M-0,C1
Porsche 911,Porsche,911,2020-2024,,Convertible/Targa,3M-0,C1
Porsche 911,Porsche,911,2022-2025,GT3/GT3 RS,Coupe,3L-0,C2
Porsche 911,Porsche,911,2025-2026,,Coupe,3L-0,C2
Porsche 912,Porsche,912,1965-1969,,Coupe,3S-0,C0
Porsche 912,Porsche,912,1976,912E,Coupe,3M-0,C1
Porsche Boxster,Porsche,Boxster,1997-2025,,Convertible/Coupe,3M-0,C1
Porsche Cayenne,Porsche,Cayenne,2003-2010,,SUV,YL,Y1
Porsche Cayenne,Porsche,Cayenne,2011-2026,,SUV,YXL,Y2
Porsche Cayenne,Porsche,Cayenne,2019-2026,,Coupe,3XL-0,C3
Porsche Cayman,Porsche,Cayman,2009-2025,,Coupe,3M-0,C1
Porsche Macan,Porsche,Macan,2015-2026,,SUV,YL,Y1
Porsche Panamera,Porsche,Panamera,2010-2023,Incl: Sport Turismo,Hatchback/Wagon,2XL+,
Porsche Panamera,Porsche,Panamera,2014-2016,Executive LWB,Liftback,2XXL,
Porsche Panamera,Porsche,Panamera,2017-2023,,Liftback,3XL,S3
Porsche Panamera,Porsche,Panamera,2017-2023,Executive LWB,Liftback,3XL+,
Porsche Panamera,Porsche,Panamera,2024-2026,,Liftback,3XL+,
Porsche Taycan,Porsche,Taycan,2020-2026,Incl: Turbo GT,Sedan,3XL,S3
Porsche Taycan,Porsche,Taycan,2021-2026,Incl: Cross Turismo/Sport Turismo,Wagon,2XL+,
Rivian R1S,Rivian,R1S,2022-2026,,SUV,YXXL,
Saab 9-3,Saab,9-3,1999-2011,,Sedan,3L,S2
Saab 9-3,Saab,9-3,1999-2011,,Convertible,3L-0,C2
Saab 9-3,Saab,9-3,2006-2011,,Wagon,2XL,H3
Saab 9-5,Saab,9-5,1999-2009,,Wagon,2XL+,
Saab 9-5,Saab,9-5,1999-2009,,Sedan,4L,L2
Saab 9-5,Saab,9-5,2010-2011,,Sedan,3XL,S3
Saab 900,Saab,900,1979-1998,,Hatchback,2XL,H3
Saab 900,Saab,900,1986-1998,,Convertible,3L-0,C2
Saturn Astra,Saturn,Astra,2008-2009,,Hatchback,2L+,
Saturn Aura,Saturn,Aura,2007-2009,,Sedan,4L,L2
Saturn Ion,Saturn,Ion,2003-2007,,Sedan,3L,S2
Saturn Ion,Saturn,Ion,2003-2007,,Coupe,3L-0,C2
Saturn L-Series,Saturn,L-Series,2000-2004,,Wagon,2XL+,
Saturn L-Series,Saturn,L-Series,2000-2005,,Sedan,4L,L2
Saturn Outlook,Saturn,Outlook,2007-2010,,SUV,YXXL,
Saturn S-Series,Saturn,S-Series,1991-2002,,Sedan,3M,S1
Saturn S-Series,Saturn,S-Series,1991-1996,,Coupe,3M-0,C1
Saturn S-Series,Saturn,S-Series,1993-1997,,Wagon,2L+,
Saturn S-Series,Saturn,S-Series,1997-2002,,Coupe,3L-0,C2
Saturn S-Series,Saturn,S-Series,1998-2001,,Wagon,2XL,H3
Saturn Sky,Saturn,Sky,2007-2010,,Convertible,3S-0,C0
Saturn Vue,Saturn,Vue,2002-2010,,SUV,YM,Y0
Scion FR-S,Scion,FR-S,2013-2016,,Coupe,3M-0,C1
Scion XA,Scion,XA,2004-2006,,Hatchback,2M,H1
Scion iA,Scion,iA,2016,,Sedan,3M,S1
Scion iM,Scion,iM,2016,,Hatchback,2L+,
Scion iQ,Scion,iQ,2012-2015,,Hatchback,无可用尺码,
Scion tC,Scion,tC,2005-2016,,Coupe,3M-0,C1
Scion xB,Scion,xB,2004-2006,,Hatchback,2M,H1
Scion xB,Scion,xB,2008-2015,,Hatchback/Wagon,2L+,
Scion xD,Scion,xD,2008-2014,,Hatchback,2M,H1
Subaru Ascent,Subaru,Ascent,2019-2026,,SUV,YXL,Y2
Subaru BRZ,Subaru,BRZ,2013-2020,,Coupe,3M-0,C1
Subaru Crosstrek,Subaru,Crosstrek,2013-2026,Incl: Wilderness,Crossover,YM,Y0
Subaru Forester,Subaru,Forester,1998-2021,,SUV,YM,Y0
Subaru Forester,Subaru,Forester,2022-2026,Incl: Wilderness,SUV,YL,Y1
Subaru Impreza,Subaru,Impreza,1993-2026,Incl: Outback Sport,Hatchback/Wagon,2L+,
Subaru Impreza,Subaru,Impreza,1993-2007,,Sedan,3M,S1
Subaru Impreza,Subaru,Impreza,1995-2001,,Coupe,3M-0,C1
Subaru Impreza,Subaru,Impreza,2008-2023,,Sedan,3L,S2
Subaru Legacy,Subaru,Legacy,1990-2007,,Wagon,2XL,H3
Subaru Legacy,Subaru,Legacy,1990-1994,,Sedan,3M,S1
Subaru Legacy,Subaru,Legacy,1997-2009,,Sedan,3L,S2
Subaru Legacy,Subaru,Legacy,2010-2019,,Sedan,4L,L2
Subaru Legacy,Subaru,Legacy,2020-2025,,Sedan,3XL,S3
Subaru Outback,Subaru,Outback,1995-2019,,Hatchback/Wagon,2XL,H3
Subaru Outback,Subaru,Outback,2020-2026,Incl: Wilderness,Hatchback/Wagon,2XL+,
Subaru Outback Sport,Subaru,Outback Sport,1995-2011,Incl: Outback Sport,Hatchback/Wagon,2L+,
Subaru Solterra,Subaru,Solterra,2023-2026,,SUV,YL,Y1
Subaru Tribeca,Subaru,Tribeca,2006-2014,,SUV,YXL,Y2
Subaru WRX,Subaru,WRX,2002-2014,STI/WRX,Hatchback/Wagon,2L+,
Subaru WRX,Subaru,WRX,2002-2007,STI/WRX,Sedan,3M,S1
Subaru WRX,Subaru,WRX,2008-2026,STI/WRX,Sedan,3L,S2
Suzuki Aerio,Suzuki,Aerio,2002-2005,,Wagon,2L+,
Suzuki Aerio,Suzuki,Aerio,2002-2007,,Sedan,3M,S1
Suzuki Forenza,Suzuki,Forenza,2004-2008,,Wagon,2XL,H3
Suzuki Forenza,Suzuki,Forenza,2004-2008,,Sedan,3M,S1
Suzuki Grand Vitara,Suzuki,Grand Vitara,1999-2013,,SUV,YM,Y0
Suzuki SX4,Suzuki,SX4,2007-2013,,Hatchback,2M,H1
Suzuki SX4,Suzuki,SX4,2008-2013,,Sedan,3M,S1
Suzuki Sidekick,Suzuki,Sidekick,1989-1995,,SUV,无可用尺码,
Suzuki Sidekick,Suzuki,Sidekick,1996-1998,Sport,SUV,YM,Y0
Suzuki XL7,Suzuki,XL7,2002-2006,,SUV,YL,Y1
Suzuki XL7,Suzuki,XL7,2007-2009,XL7,SUV,YXL,Y2
Tesla Model 3,Tesla,Model 3,2017-2026,,Sedan,3L,S2
Tesla Model S,Tesla,Model S,2012-2026,,Hatchback,2XL+,
Tesla Model X,Tesla,Model X,2016-2026,,SUV,MODEL-X,
Tesla Model Y,Tesla,Model Y,2020-2026,Incl: Performance,Crossover/SUV,YL,Y1
Tesla Model Y L,Tesla,Model Y L,2026,,SUV,YXL,Y2
Toyota 4Runner,Toyota,4Runner,1984-1998,,SUV,YM,Y0
Toyota 4Runner,Toyota,4Runner,1999-2013,,SUV,YL,Y1
Toyota 4Runner,Toyota,4Runner,2014-2026,,SUV,YXL,Y2
Toyota 86,Toyota,86,2017-2026,,Coupe,3M-0,C1
Toyota Avalon,Toyota,Avalon,1995-1999,,Sedan,4L,L2
Toyota Avalon,Toyota,Avalon,2000-2022,,Sedan,3XL,S3
Toyota C-HR,Toyota,C-HR,2018-2022,,Crossover,YM,Y0
Toyota Camry,Toyota,Camry,1983-1986,,Hatchback,2L+,
Toyota Camry,Toyota,Camry,1983-1991,,Sedan,3M,S1
Toyota Camry,Toyota,Camry,1987-1996,,Wagon,2XL,H3
Toyota Camry,Toyota,Camry,1992-2017,,Sedan,4L,L2
Toyota Camry,Toyota,Camry,2018-2026,,Sedan,3XL,S3
Toyota Celica,Toyota,Celica,1971-1999,Incl: All-Trac,Convertible/Coupe,3M-0,C1
Toyota Celica,Toyota,Celica,2000-2005,,Hatchback,2L+,
Toyota Corolla,Toyota,Corolla,1968-1974,,Wagon,2M,H1
Toyota Corolla,Toyota,Corolla,1968-1979,,Sedan,3S,S0
Toyota Corolla,Toyota,Corolla,1968-1974,,Coupe,3S-0,C0
Toyota Corolla,Toyota,Corolla,1975-2026,Incl: GR Corolla,Hatchback/Wagon,2L+,
Toyota Corolla,Toyota,Corolla,1980-2013,,Sedan,3M,S1
Toyota Corolla,Toyota,Corolla,1980-1991,,Coupe,3M-0,C1
Toyota Corolla,Toyota,Corolla,2014-2026,,Sedan,3L,S2
Toyota Corolla Cross,Toyota,Corolla Cross,2022-2026,,SUV,YM,Y0
Toyota Corolla GR,Toyota,Corolla GR,2023-2026,,Hatchback,2L+,
Toyota Corolla iM,Toyota,Corolla iM,2017-2018,,Hatchback,2L+,
Toyota Crown,Toyota,Crown,2023-2026,,Sedan,3XL,S3
Toyota Crown Signia,Toyota,Crown Signia,2025-2026,,Wagon,2XL+,
Toyota Echo,Toyota,Echo,2000-2005,,Sedan,3S,S0
Toyota FJ Cruiser,Toyota,FJ Cruiser,2007-2014,,SUV,YL,Y1
Toyota Grand Highlander,Toyota,Grand Highlander,2024-2026,,SUV,YXXL,
Toyota Highlander,Toyota,Highlander,2001-2013,,SUV,YL,Y1
Toyota Highlander,Toyota,Highlander,2014-2026,,SUV,YXL,Y2
Toyota Land Cruiser,Toyota,Land Cruiser,1958-1983,20 Series Hardtop/40 Series Hardtop,SUV,无可用尺码,
Toyota Land Cruiser,Toyota,Land Cruiser,1968-1979,50 Series Station Wagon,Wagon,2XL,H3
Toyota Land Cruiser,Toyota,Land Cruiser,1981-1997,,SUV,YL,Y1
Toyota Land Cruiser,Toyota,Land Cruiser,1998-2026,,SUV,YXL,Y2
Toyota MIRAI,Toyota,MIRAI,2016-2024,,Sedan,3XL,S3
Toyota MR2,Toyota,MR2,1985-2005,,Convertible/Coupe,3S-0,C0
Toyota Matrix,Toyota,Matrix,2003-2013,,Hatchback,2L+,
Toyota Prius,Toyota,Prius,2001-2003,,Sedan,3M,S1
Toyota Prius,Toyota,Prius,2004-2015,,Hatchback,2L+,
Toyota Prius,Toyota,Prius,2016-2026,,Hatchback,2XL,H3
Toyota Prius C,Toyota,Prius C,2012-2019,,Hatchback,2M,H1
Toyota Prius Plug-in Hybrid,Toyota,Prius Plug-in Hybrid,2012-2015,,Hatchback,2L+,
Toyota Prius Prime,Toyota,Prius Prime,2017-2026,,Hatchback,2XL,H3
Toyota Prius V,Toyota,Prius V,2012-2017,,Wagon,2XL,H3
Toyota RAV4,Toyota,RAV4,1996-2000,,SUV,无可用尺码,
Toyota RAV4,Toyota,RAV4,2001-2026,Incl: EV,SUV,YM,Y0
Toyota Sequoia,Toyota,Sequoia,2001-2022,,SUV,YXXL,
Toyota Sequoia,Toyota,Sequoia,2023-2026,,SUV,YXXL-545,Y4
Toyota Sienna,Toyota,Sienna,1998-2006,,MPV,2XL+,
Toyota Sienna,Toyota,Sienna,2007-2026,Incl: Woodland,MPV,2XXL,
Toyota Solara,Toyota,Solara,1999-2001,,Convertible/Coupe,4L,L2
Toyota Solara,Toyota,Solara,2002-2008,,Convertible/Coupe,3XL-0,C3
Toyota Supra,Toyota,Supra,1979-1981,,Coupe,3L-0,C2
Toyota Supra,Toyota,Supra,1982-1986,,Coupe,3M-0,C1
Toyota Supra,Toyota,Supra,1987-1992,,Coupe,3L-0,C2
Toyota Supra,Toyota,Supra,1993-2026,,Coupe,3M-0,C1
Toyota Tercel,Toyota,Tercel,1980-1988,Incl: 4WD,Hatchback/Wagon,2L+,
Toyota Tercel,Toyota,Tercel,1980-1998,Incl: 2dr Deluxe/4dr/4dr Deluxe,Sedan,3S,S0
Toyota Tercel,Toyota,Tercel,1989-1990,,Coupe,3M-0,C1
Toyota Venza,Toyota,Venza,2009-2015,,Wagon,2XL,H3
Toyota Venza,Toyota,Venza,2021-2024,,SUV,YL,Y1
Toyota Yaris,Toyota,Yaris,2007-2020,,Hatchback,2M,H1
Toyota Yaris,Toyota,Yaris,2007-2020,,Sedan,3M,S1
Toyota Yaris iA,Toyota,Yaris iA,2017-2018,,Sedan,3M,S1
Toyota bZ,Toyota,bZ,2026,Incl: Woodland,SUV,YL,Y1
Toyota bZ4X,Toyota,bZ4X,2023-2025,,SUV,YL,Y1
VinFast VF8,VinFast,VF8,2023-2025,Eco/Plus,SUV,YL,Y1
Volkswagen Arteon,Volkswagen,Arteon,2019-2024,SE R-Line/SEL Premium 4MOTION,Hatchback,2XL+,
Volkswagen Atlas,Volkswagen,Atlas,2018-2026,SE/SEL R-Line/Technology/V6 SE w,SUV,YXXL,
Volkswagen Atlas,Volkswagen,Atlas,2020-2026,Cross Sport,SUV,YXL,Y2
Volkswagen Atlas Cross,Volkswagen,Atlas Cross,2021-2026,Cross Sport,SUV,YXL,Y2
Volkswagen Beetle,Volkswagen,Beetle,1998-2010,,Hatchback,2M,H1
Volkswagen Beetle,Volkswagen,Beetle,1998-2010,,Convertible,3S-0,C0
Volkswagen Beetle,Volkswagen,Beetle,2012-2019,Incl: Dune,Hatchback,2L+,
Volkswagen Beetle,Volkswagen,Beetle,2012-2019,Incl: Dune,Convertible,3M-0,C1
Volkswagen Dasher,Volkswagen,Dasher,1978,2dr/4dr Station,Hatchback/Wagon,2L+,
Volkswagen Eos,Volkswagen,Eos,2007-2016,,Convertible,3M-0,C1
Volkswagen Golf,Volkswagen,Golf,1999,,Hatchback,2M,H1
Volkswagen Golf,Volkswagen,Golf,2000-2021,Incl: Diesel/R,Hatchback,2L+,
Volkswagen Golf,Volkswagen,Golf,2015-2026,GTI,Hatchback,2L+,
Volkswagen Golf,Volkswagen,Golf,2015-2019,,Wagon,2XL,H3
Volkswagen Golf,Volkswagen,Golf,2022-2026,GTI/R,Hatchback,2L+,
Volkswagen Golf,Volkswagen,Golf,2022-2026,R,Hatchback,2L+,
Volkswagen ID.4,Volkswagen,ID.4,2021-2026,,SUV,YM,Y0
Volkswagen Jetta,Volkswagen,Jetta,1980-1984,,Sedan,3S,S0
Volkswagen Jetta,Volkswagen,Jetta,1985-2010,Incl: Diesel,Sedan,3M,S1
Volkswagen Jetta,Volkswagen,Jetta,2009-2014,,Wagon,2XL,H3
Volkswagen Jetta,Volkswagen,Jetta,2011-2022,Incl: GLI,Sedan,3L,S2
Volkswagen Jetta,Volkswagen,Jetta,2023-2026,GLI,Sedan,4L,L2
Volkswagen Passat,Volkswagen,Passat,1974-1981,,Hatchback/Wagon,2L+,
Volkswagen Passat,Volkswagen,Passat,1982-2010,,Wagon,2XL,H3
Volkswagen Passat,Volkswagen,Passat,1982-1985,,Sedan,3L,S2
Volkswagen Passat,Volkswagen,Passat,1986,,Sedan,3M,S1
Volkswagen Passat,Volkswagen,Passat,1987,,Sedan,3L,S2
Volkswagen Passat,Volkswagen,Passat,1988,,Sedan,3M,S1
Volkswagen Passat,Volkswagen,Passat,1990-2005,,Sedan,3L,S2
Volkswagen Passat,Volkswagen,Passat,2006-2010,,Sedan,4L,L2
Volkswagen Passat,Volkswagen,Passat,2012-2022,,Sedan,3XL,S3
Volkswagen Passat CC,Volkswagen,Passat CC,2009-2017,,Sedan,4L,L2
Volkswagen Phaeton,Volkswagen,Phaeton,2004-2006,,Sedan,3XL+,
Volkswagen Rabbit,Volkswagen,Rabbit,1975-1984,Incl: GTI,Hatchback,2M,H1
Volkswagen Rabbit,Volkswagen,Rabbit,1980,,Convertible,3S-0,C0
Volkswagen Rabbit,Volkswagen,Rabbit,2006-2009,,Hatchback,2L+,
Volkswagen Taos,Volkswagen,Taos,2022-2026,,SUV,YM,Y0
Volkswagen Tiguan,Volkswagen,Tiguan,2009-2017,,SUV,YM,Y0
Volkswagen Tiguan,Volkswagen,Tiguan,2018-2026,,SUV,YL,Y1
Volkswagen Touareg,Volkswagen,Touareg,2004-2017,,SUV,YL,Y1
Volvo C30,Volvo,C30,2008-2013,,Hatchback,2L+,
Volvo C40,Volvo,C40,2022-2024,,SUV,YM,Y0
Volvo C40 Recharge,Volvo,C40 Recharge,2022-2024,,SUV,YM,Y0
Volvo C70,Volvo,C70,1998-2013,,Convertible,3L-0,C2
Volvo EC40,Volvo,EC40,2025-2026,,Crossover,YM,Y0
Volvo EX30,Volvo,EX30,2025-2026,,SUV,YM,Y0
Volvo EX40,Volvo,EX40,2025-2026,,SUV,YM,Y0
Volvo EX90,Volvo,EX90,2025-2026,,SUV,YXXL,
Volvo S40,Volvo,S40,2000-2011,,Sedan,3M,S1
Volvo S60,Volvo,S60,2001-2018,,Sedan,3L,S2
Volvo S60,Volvo,S60,2019-2025,,Sedan,4L,L2
Volvo S70,Volvo,S70,1998-2000,,Sedan,4L,L2
Volvo S80,Volvo,S80,1999-2006,,Sedan,4L,L2
Volvo S80,Volvo,S80,2007-2016,,Sedan,3XL,S3
Volvo S90,Volvo,S90,1997-1998,,Sedan,4XL,L3
Volvo S90,Volvo,S90,2017,,Sedan,3XL,S3
Volvo S90,Volvo,S90,2021-2025,,Sedan,3XL+,
Volvo V40,Volvo,V40,2000-2001,,Wagon,2L+,
Volvo V40,Volvo,V40,2002-2004,,Wagon,2XL,H3
Volvo V50,Volvo,V50,2005-2007,,Wagon,2L+,
Volvo V50,Volvo,V50,2008-2009,,Wagon,2XL,H3
Volvo V60,Volvo,V60,2015-2026,Incl: Cross Country,Wagon,2XL,H3
Volvo V70,Volvo,V70,1998-2010,Incl: XC,Hatchback/Wagon,2XL,H3
Volvo V90,Volvo,V90,1997-2026,Incl: Cross Country,Wagon,2XL+,
Volvo XC40,Volvo,XC40,2019-2025,,SUV,YM,Y0
Volvo XC60,Volvo,XC60,2010-2017,,SUV,YM,Y0
Volvo XC60,Volvo,XC60,2018-2026,,SUV,YL,Y1
Volvo XC70,Volvo,XC70,2003-2007,,Wagon,2XL,H3
Volvo XC70,Volvo,XC70,2008-2016,,Wagon,2XL+,
Volvo XC90,Volvo,XC90,2003-2014,,SUV,YL,Y1
Volvo XC90,Volvo,XC90,2016-2026,,SUV,YXL,Y2
