LONG-TYPE,自动TYPE,确认TYPE,店铺,示例
MPV Incl: Sedona/Sedona LWB,MPV Sdn/Sdn LWB,MPV/Sdn LWB,US,Kia Carnival 2007-2026
2dr/4dr/4dr Raptor,2dr/4dr/4dr Rptr,Inc:Raptor,TM_拆分,Ford Bronco 1966-2026
50 Series / early 60 Series Station Wagon,50 Sr / er 60 Sr,50/60 Series,HNT|TM|US,Toyota Land Cruiser 1967-1980
90/90 NAS/110/110 NAS/110 OCTA/130,90/90 NS/11/11 N,90-130 NAS/OCTA,TM_拆分,Land Rover Defender 1993-2026
Barracuda 318 V8/Cuda 360,Barracuda 31 V8/,Barracuda/Cuda,US,Plymouth Barracuda 1974
Convertible Incl: 300 SL/500 SL/600 SL/SL320/SL500/SL600,Conv SL Series,Conv SL Series,HNT|TM|US,Mercedes-Benz SL-Class 1990-2012
Convertible/Coupe Incl: Cabriolet,Conv/Cpe Cabr,Conv/Cpe Cabr,HNT|TM|US,Mercedes-Benz E-Class 1994-2017
Convertible/Coupe Incl: F-85 Cutlass,Conv/Cpe F-85,Conv/Cpe F-85,HNT|TM|TM_拆分,Oldsmobile Cutlass 1964-1967
Convertible/Coupe Incl: LeMans/Tempest,Conv/Cpe LM/Tmp,Conv/Cpe LM/Tmp,US,Pontiac LeMans 1963
Convertible/Coupe Incl: LeMans/Tempest/Tempest LeMans,Conv/Cpe LeMan,Conv/Cpe LM/Tmp,HNT|TM,Pontiac LeMans 1961-1963
Convertible/Coupe Incl: Spyder,Conv/Cpe Spydr,Conv/Cpe Spyder,HNT|TM|US,Mitsubishi Eclipse 1990-2005
Convertible/Coupe Incl: XR-7,Conv/Cpe XR-7,Conv/Cpe XR-7,US,Mercury Cougar 1971-1982
Convertible/Coupe/Hardtop/Sedan Incl: 2dr Hardtop V-800/4dr Hardtop V-800/Belvedere Fury/Fast Top/Hardtop/Sport Fury,Conv/Cpe/HT/Sdn ,Conv/Cpe/Sdn,US,Plymouth Fury 1956-1972
Convertible/Coupe/Hatchback Incl: GT,Conv/Cpe/Hbk GT,Conv/Cpe/Hbk GT,TM_拆分,BMW 6 Series 1977-2019
Convertible/Coupe/Sedan Ciera/Cutlass/F-85/RWD,Conv/Cpe/Sdn Cr,Conv/Cpe/Sdn,HNT|TM,Oldsmobile Cutlass 1961-1996
Convertible/Coupe/Sedan Incl: 2dr/4dr/4dr Hardtop,Conv/Cpe/Sdn 2d/,Conv/Cpe/Sdn HT,HNT|TM|TM_拆分|US,Buick LeSabre 1959-1973|Buick LeSabre 1961-1963
Convertible/Coupe/Sedan Incl: 2dr/4dr/Hardtop,Conv/Cpe/Sdn 2d/,Conv/Cpe/Sdn HT,HNT|TM|TM_拆分|US,Chevrolet Bel Air 1957-1966|Chevrolet Bel Air 1958-1975
Convertible/Coupe/Sedan Incl: Can Am,Conv/Cpe/Sdn Cn ,Conv/Cpe/Sdn,US,Pontiac LeMans 1964-1978
Convertible/Coupe/Sedan Incl: Duster/Scamp,Conv/Cpe/Sdn Ds/,Conv/Cpe/Sdn,HNT|TM,Plymouth Valiant 1960-1976
Convertible/Coupe/Sedan Incl: F-85 Cutlass,Conv/Cpe/Sdn F- ,Conv/Cpe/Sdn F85,US,Oldsmobile Cutlass 1964-1977
Convertible/Coupe/Sedan Incl: Fast Top/Hardtop/Sport Fury,Conv/Cpe/Sdn Fs ,Conv/Cpe/Sdn HT,HNT|TM|TM_拆分,Plymouth Fury 1963-1978
Convertible/Coupe/Sedan Incl: Gran Coupe,Conv/Cpe/Sdn Gr ,Conv/Cpe/Sdn GC,HNT,BMW 6 Series 1977-2019
Convertible/Coupe/Sedan/Wagon Cutlass/F-85/FWD/RWD/Supreme,Conv/Cpe/Sdn/Wgn,Conv/Cpe/Sdn/Wgn,TM_拆分,Oldsmobile Cutlass 1961-1999
Coupe Mach 1/Notchback/SVO/SVT Cobra,Cpe Mch1/Ntb/SVO,Mach 1/SVO/Cobra,HNT|TM|US,Ford Mustang 1984-2004
Coupe/Sedan Incl: CTS-V,Cpe/Sdn CTS-V,Cpe/Sdn CTS-V,HNT,Cadillac CTS 2003-2019
Coupe/Sedan Incl: Laguna Type S-3,Cpe/Sdn LagS3,Cpe/Sdn Laguna,HNT|TM|TM_拆分,Chevrolet Chevelle 1973-1977
Coupe/Sedan Incl: Scamp,Cpe/Sdn Scamp,Cpe/Sdn Scamp,US,Plymouth Valiant 1973-1976
Coupe/Sedan Incl: Supreme,Cpe/Sdn Suprm,Cpe/Sdn Supreme,HNT|TM|US,Oldsmobile Cutlass 1989-1997
Cross Sport/SE/SEL R-Line/Technology/V6 SE w,XSport/SE/SEL/Te,Cross Sport/SEL,TM_拆分,Volkswagen Atlas 2018-2026
Extended/G10 Regular/G10 Short/G20 Regular/G20 Short/G30 Extended/G30 Regular/G30 Short/G-Classic Extended/G-Classic Regular/Regular/Short,Extended/G10 Rg/,Reg/Short/Ext,TM_拆分,Chevrolet Chevy Van 1964-1996
Fastback/Liftback Incl: GT,Fastbk/Lftbk GT,Fastbk/Lftbk GT,TM|US,Kia Stinger 2018-2023
GT2/GT2 RS/GT3/GT3 RS/Turbo,GT2/GT2 RS/GT/GT,GT2/GT3 RS/Turbo,HNT|TM|US,Porsche 911 1976-2012
Hatchback/Wagon Incl: Grand Safari/Safari,Hbk/Wgn Safari,Hbk/Wgn Safari,HNT|TM|TM_拆分|US,Pontiac Bonneville 1958-1981
Hatchback/Wagon Incl: LeMans/Safari/Tempest,Hbk/Wgn Saf/T,Hbk/Wgn Safari,HNT|TM,Pontiac LeMans 1963-1967
Hatchback/Wagon Incl: Outback Sport,Hbk/Wgn Outbk,Hbk/Wgn Outback,HNT|TM|US,Subaru Impreza 1993-2026
Hatchback/Wagon Incl: RS/ZX3/ZX5,Hbk/Wgn RS/ZX,Hbk/Wgn RS/ZX3/5,HNT|TM,Ford Focus 2000-2018
Hatchback/Wagon Incl: Safari,Hbk/Wgn Safari,Hbk/Wgn Safari,HNT|TM|US,Pontiac Astre 1975-1977
Hatchback/Wagon Incl: Sport Turismo,Hbk/Wgn SptTur,Hbk/Wgn SptTur,HNT|TM|TM_拆分|US,Porsche Panamera 2010-2023
Hatchback/Wagon Incl: SportCoupe,Hbk/Wgn SptCpe,Hbk/Wgn SptCpe,HNT|TM,Mercedes-Benz C-Class 2002-2005
Incl: 2dr 4WD/4dr 2WD,Inc:2dr4WD/4dr2W,2dr 4WD/4dr 2WD,TM_拆分,Chevrolet Tahoe 1995-2026
Incl: 2dr Deluxe/4dr/4dr Deluxe/4WD,Inc:2drDlx/4dr/4,Inc:Deluxe/4WD,TM_拆分,Toyota Tercel 1980-1998
Incl: 2dr Hardtop V-800/Belvedere Fury/Sport Fury,Inc:2dr HT V-/Bl,Inc:Fury/HT V800,HNT|TM|TM_拆分,Plymouth Fury 1956-1960
Incl: 2dr Hardtop/4dr Landau/Landau,Inc:2dr HT/4d Ln,Inc:HT/Landau,HNT|TM|TM_拆分|US,Ford Thunderbird 1958-1976|Ford Thunderbird 1958-1979
Incl: 2dr SWB/4dr LS LWB/4dr LWB,Inc:2dr SW/4d LS,Inc:SWB/LWB/LS,TM_拆分,Mitsubishi Montero 1983-2006
Incl: 2dr/2dr 2WD/2dr 4WD/4dr/4dr 2WD,Inc:2dr/2dr 2W/2,Inc:2WD/4WD,TM_拆分,Chevrolet S-10 Blazer 1983-2005
Incl: 2dr/2dr Base 4WD/4dr/4dr LS 4WD,Inc:2dr/2dr Bs 4,Inc:Base/LS 4WD,TM_拆分,Chevrolet Blazer 1969-2026
Incl: 300 SL/300SL/500 SL/560SL/600 SL/AMG/SL320/SL500/SL600,Inc:300 SL/30/50,SL Series/AMG,TM_拆分,Mercedes-Benz SL-Class 1954-2026
Incl: 4dr Hardtop V-800,Inc:4dr HTop V80,Inc:4dr HT V-800,HNT|TM|TM_拆分,Plymouth Fury 1959-1961
Incl: AMG/PHEV/SportCoupe,Inc:AMG/PHEV/Spo,Inc:AMG/PHEV/Cpe,TM_拆分,Mercedes-Benz C-Class 1994-2026
Incl: Barracuda 318 V8/Cuda 360,Inc:Barracuda/Cu,Barracuda/Cuda,HNT|TM|TM_拆分,Plymouth Barracuda 1964-1974
Incl: Dakar/GT2/GT2 RS/GT3/GT3 RS/Speedster/Turbo,Inc:Dakar/GT2/GT,GT/Turbo/Dakar,TM_拆分,Porsche 911 1965-2026
Incl: Dark Horse/Mach 1/Notchback/SVT Cobra,Inc:Dark Hr/Mc 1,Dark Horse/Mach1,TM_拆分,Ford Mustang 1987-2026
Incl: Hardtop/SportsRoof,Inc:HTop/SportsR,Inc:HT/SportsRf,HNT|TM|US,Ford Mustang 1969-1973
Incl: Hardtop/SportsRoof/SVO,Inc:HTop/SportsR,Inc:HT/SptRf/SVO,TM_拆分,Ford Mustang 1965-1986
Incl: LeMans/Safari/Tempest/Tempest LeMans,Inc:LM/Safari/Tm,Inc:Safari/Tmp,TM_拆分,Pontiac LeMans 1961-1963
Incl: Narrow-body/Rock Creek/Wide-body,Inc:Narrow-body/,Inc:Narrow/Wide,TM_拆分,Nissan Pathfinder 1987-2026
Incl: SH-AWD/Type-S,Inc:SH-AWD/Type-,Inc:SH-AWD/TypeS,HNT|TM|TM_拆分|US,Acura TL 1996-2014
Liftback Incl: Executive LWB,Lftbk ExecLWB,Lftbk Exec LWB,TM_拆分,Porsche Panamera 2014-2026
MPV Grand Caravan,MPV Grand Crvn,Grand Caravan,US,Dodge Caravan 1987-1995
MPV Grand Caravan/LWB,MPV Grnd Crv/LWB,MPV Grand/LWB,HNT|TM,Dodge Caravan 1987-2020
Mk I/Mk II/Mk III Europe/Mk III North America/Mk III Standard/Rubber Bumper,MkI/II/III NA St,Mk I/II/III,TM_拆分,MG Midget 1962-1979
Roadster Mk I/Mk II/Mk III Europe/Mk III Standard/Rubber Bumper,Rdstr Mk I/Mk II,Mk I/II/III,HNT|TM|US,MG Midget 1962-1979
Roadster Mk III North America,Rdstr Mk I Nr Am,Rdstr Mk III NA,HNT|TM|US,MG Midget 1974
SE R-Line/SEL Premium 4MOTION,SERLine/SELPrem4,R-Line/SEL Prem,HNT|TM|TM_拆分|US,Volkswagen Arteon 2019-2024
SUV 2dr JK/2dr JL/2dr JL Xtreme/2dr LJ Unlimited/2dr LJ Unlimited Rubicon,SUV 2d JK/2d JL/,2dr JK/JL/LJ,HNT|TM|US,Jeep Wrangler 2004-2026
SUV 2dr TJ/2dr TJ Rubicon/2dr YJ,SUV 2d TJ/2d TJ ,2dr TJ/YJ,HNT|TM|US,Jeep Wrangler 1987-2006
SUV 4dr JKU/4dr JLU/4dr JLU Rubicon 392,SUV 4d JK/4d JL/,4dr JKU/JLU,HNT|TM|US,Jeep Wrangler 2007-2026
SUV 4dr JLU Xtreme,SUV 4dr JLU Xtrm,4dr JLU Xtreme,HNT|TM|US,Jeep Wrangler 2024-2026
SUV 4dr LS LWB/4dr LWB,SUV 4d LS LW/4d ,4dr LWB/LS,HNT|TM|US,Mitsubishi Montero 1989-1990
SUV Incl: 2dr/2dr 2WD/2dr 4WD/4dr 2WD,SUV 2d/2d 2W/2d ,SUV Inc:2WD/4WD,HNT|TM|US,Chevrolet S-10 Blazer 1983-2005
SUV Incl: Narrow-body,SUV Narrow-body,SUV Narrow-body,HNT|TM|US,Nissan Pathfinder 1987-2004
SUV SE/SEL R-Line/Technology/V6 SE w,SUV SE/SL R-/Tc/,SUV SE/SEL/Tech,HNT|TM|US,Volkswagen Atlas 2018-2026
Sedan Incl: 2dr Deluxe/4dr/4dr Deluxe,Sdn 2drDlx/4dr,Sdn Inc:Deluxe,HNT|TM|US,Toyota Tercel 1980-1998
Sedan Incl: AMG/LWB/Maybach/S 550e PHEV/S 560e PHEV,Sdn AM/LW/My/S 5,Sdn AMG/LWB/PHEV,HNT|TM,Mercedes-Benz S-Class 2000-2026
Sedan Incl: AMG/Maybach/S 550e PHEV/S 560e PHEV,Sdn AMG/Maybch,Sdn AMG/Maybach,US,Mercedes-Benz S-Class 2007-2026
Sedan Incl: Diesel/GLI,Sdn Diesel/GLI,Sdn Diesel/GLI,HNT|TM,Volkswagen Jetta 1980-2022
Wagon Extended/G10 Short/G20 Short/G30 Extended/G30 Short/G-Classic Extended/Short,Wgn Ex/G1 Sh/G2 ,Short/Extended,HNT|TM,Chevrolet Chevy Van 1964-1996
Wagon Extended/G30 Extended/G-Classic Extended,Wgn Ex/G3 Ex/G- ,Extended,US,Chevrolet Chevy Van 1990-1996
Wagon G10 Regular/G20 Regular,Wgn G10 Rg/G2 Rg,G10/G20 Regular,US,Chevrolet Chevy Van 1967-1970
Wagon G10 Regular/G20 Regular/G30 Regular/G-Classic Regular/Regular,Wgn G1 Rg/G2 Rg/,Regular,HNT|TM|US,Chevrolet Chevy Van 1967-1996|Chevrolet Chevy Van 1971-1996
Wagon G10 Short/G20 Short/G30 Short,Wgn G1 Sh/G2 Sh/,Short,US,Chevrolet Chevy Van 1964-1977
Wagon G10 Short/G20 Short/G30 Short/Short,Wgn G1 Sh/G2 Sh/,Short,US,Chevrolet Chevy Van 1978-1995
Wagon Incl: Ciera/Cutlass/F-85,Wgn Ciera/F85,Wgn Ciera/F-85,HNT|TM,Oldsmobile Cutlass 1961-1996
Wagon Incl: Cross Turismo/Sport Turismo,Wgn Cross/Spt,Wgn Cross/Sport,HNT|TM|TM_拆分|US,Porsche Taycan 2021-2026
Wagon Incl: Kingswood/Parkwood,Wgn King/Park,Kingswd/Parkwd,HNT|TM|TM_拆分|US,Chevrolet Bel Air 1954-1969|Chevrolet Bel Air 1958-1969
